Timestamp,Fase,mAt,dAt,Flow_Meter
2026-04-01 00:00:00,Recovery,21.77,78.23,0.0
2026-04-01 01:00:00,Recovery,21.357,78.643,0.0
2026-04-01 02:00:00,Recovery,20.986,79.014,0.0
2026-04-01 03:00:00,Recovery,20.627,79.373,0.0
2026-04-01 04:00:00,Recovery,20.292,79.708,0.0
2026-04-01 05:00:00,Recovery,20.007,79.993,0.0
2026-04-01 06:00:00,Idle,19.978,80.022,0.0
2026-04-01 07:00:00,Idle,19.988,80.012,0.0
2026-04-01 08:00:00,Discharge,23.778,76.222,50039.0
2026-04-01 09:00:00,Discharge,25.975,74.025,50039.0
2026-04-01 10:00:00,Discharge,27.553,72.447,49904.0
2026-04-01 11:00:00,Discharge,28.819,71.181,49980.0
2026-04-01 12:00:00,Discharge,29.807,70.193,49984.0
2026-04-01 13:00:00,Discharge,30.608,69.392,50016.0
2026-04-01 14:00:00,Discharge,31.328,68.672,49938.0
2026-04-01 15:00:00,Discharge,32.028,67.972,49858.0
2026-04-01 16:00:00,Recovery,28.912,71.088,0.0
2026-04-01 17:00:00,Recovery,27.136,72.864,0.0
2026-04-01 18:00:00,Recovery,25.867,74.133,0.0
2026-04-01 19:00:00,Recovery,24.909,75.091,0.0
2026-04-01 20:00:00,Recovery,24.1,75.9,0.0
2026-04-01 21:00:00,Recovery,23.433,76.567,0.0
2026-04-01 22:00:00,Recovery,22.804,77.196,0.0
2026-04-01 23:00:00,Recovery,22.298,77.702,0.0
2026-04-02 00:00:00,Recovery,21.82,78.18,0.0
2026-04-02 01:00:00,Recovery,21.434,78.566,0.0
2026-04-02 02:00:00,Recovery,21.03,78.97,0.0
2026-04-02 03:00:00,Recovery,20.664,79.336,0.0
2026-04-02 04:00:00,Recovery,20.359,79.641,0.0
2026-04-02 05:00:00,Recovery,20.022,79.978,0.0
2026-04-02 06:00:00,Idle,20.071,79.929,0.0
2026-04-02 07:00:00,Idle,20.047,79.953,0.0
2026-04-02 08:00:00,Discharge,23.829,76.171,49837.0
2026-04-02 09:00:00,Discharge,26.064,73.936,49838.0
2026-04-02 10:00:00,Discharge,27.596,72.404,50013.0
2026-04-02 11:00:00,Discharge,28.829,71.171,49905.0
2026-04-02 12:00:00,Discharge,29.838,70.162,49847.0
2026-04-02 13:00:00,Discharge,30.669,69.331,50011.0
2026-04-02 14:00:00,Discharge,31.409,68.591,49864.0
2026-04-02 15:00:00,Discharge,32.038,67.962,49868.0
2026-04-02 16:00:00,Recovery,28.966,71.034,0.0
2026-04-02 17:00:00,Recovery,27.231,72.769,0.0
2026-04-02 18:00:00,Recovery,25.949,74.051,0.0
2026-04-02 19:00:00,Recovery,24.93,75.07,0.0
2026-04-02 20:00:00,Recovery,24.114,75.886,0.0
2026-04-02 21:00:00,Recovery,23.482,76.518,0.0
2026-04-02 22:00:00,Recovery,22.886,77.114,0.0
2026-04-02 23:00:00,Recovery,22.368,77.632,0.0
2026-04-03 00:00:00,Recovery,21.906,78.094,0.0
2026-04-03 01:00:00,Recovery,21.443,78.557,0.0
2026-04-03 02:00:00,Recovery,21.076,78.924,0.0
2026-04-03 03:00:00,Recovery,20.708,79.292,0.0
2026-04-03 04:00:00,Recovery,20.426,79.574,0.0
2026-04-03 05:00:00,Recovery,20.107,79.893,0.0
2026-04-03 06:00:00,Idle,20.09,79.91,0.0
2026-04-03 07:00:00,Idle,20.074,79.926,0.0
2026-04-03 08:00:00,Discharge,23.874,76.126,49821.0
2026-04-03 09:00:00,Discharge,26.114,73.886,49888.0
2026-04-03 10:00:00,Discharge,27.658,72.342,49819.0
2026-04-03 11:00:00,Discharge,28.888,71.112,49885.0
2026-04-03 12:00:00,Discharge,29.914,70.086,49915.0
2026-04-03 13:00:00,Discharge,30.743,69.257,49926.0
2026-04-03 14:00:00,Discharge,31.456,68.544,49921.0
2026-04-03 15:00:00,Discharge,32.113,67.887,49874.0
2026-04-03 16:00:00,Recovery,29.013,70.987,0.0
2026-04-03 17:00:00,Recovery,27.229,72.771,0.0
2026-04-03 18:00:00,Recovery,25.954,74.046,0.0
2026-04-03 19:00:00,Recovery,25.006,74.994,0.0
2026-04-03 20:00:00,Recovery,24.182,75.818,0.0
2026-04-03 21:00:00,Recovery,23.514,76.486,0.0
2026-04-03 22:00:00,Recovery,22.948,77.052,0.0
2026-04-03 23:00:00,Recovery,22.389,77.611,0.0
2026-04-04 00:00:00,Recovery,21.934,78.066,0.0
2026-04-04 01:00:00,Recovery,21.534,78.466,0.0
2026-04-04 02:00:00,Recovery,21.118,78.882,0.0
2026-04-04 03:00:00,Recovery,20.756,79.244,0.0
2026-04-04 04:00:00,Recovery,20.442,79.558,0.0
2026-04-04 05:00:00,Recovery,20.13,79.87,0.0
2026-04-04 06:00:00,Idle,20.176,79.824,0.0
2026-04-04 07:00:00,Idle,20.168,79.832,0.0
2026-04-04 08:00:00,Discharge,23.944,76.056,49870.0
2026-04-04 09:00:00,Discharge,26.147,73.853,49844.0
2026-04-04 10:00:00,Discharge,27.702,72.298,49766.0
2026-04-04 11:00:00,Discharge,28.963,71.037,49864.0
2026-04-04 12:00:00,Discharge,29.954,70.046,49828.0
2026-04-04 13:00:00,Discharge,30.769,69.231,49926.0
2026-04-04 14:00:00,Discharge,31.483,68.517,49857.0
2026-04-04 15:00:00,Discharge,32.159,67.841,49857.0
2026-04-04 16:00:00,Recovery,29.11,70.89,0.0
2026-04-04 17:00:00,Recovery,27.324,72.676,0.0
2026-04-04 18:00:00,Recovery,26.003,73.997,0.0
2026-04-04 19:00:00,Recovery,25.049,74.951,0.0
2026-04-04 20:00:00,Recovery,24.238,75.762,0.0
2026-04-04 21:00:00,Recovery,23.546,76.454,0.0
2026-04-04 22:00:00,Recovery,22.951,77.049,0.0
2026-04-04 23:00:00,Recovery,22.444,77.556,0.0
2026-04-05 00:00:00,Recovery,22.016,77.984,0.0
2026-04-05 01:00:00,Recovery,21.558,78.442,0.0
2026-04-05 02:00:00,Recovery,21.186,78.814,0.0
2026-04-05 03:00:00,Recovery,20.844,79.156,0.0
2026-04-05 04:00:00,Recovery,20.496,79.504,0.0
2026-04-05 05:00:00,Recovery,20.228,79.772,0.0
2026-04-05 06:00:00,Idle,20.228,79.772,0.0
2026-04-05 07:00:00,Idle,20.185,79.815,0.0
2026-04-05 08:00:00,Discharge,23.985,76.015,49815.0
2026-04-05 09:00:00,Discharge,26.179,73.821,49886.0
2026-04-05 10:00:00,Discharge,27.743,72.257,49815.0
2026-04-05 11:00:00,Discharge,29.018,70.982,49756.0
2026-04-05 12:00:00,Discharge,29.958,70.042,49831.0
2026-04-05 13:00:00,Discharge,30.812,69.188,49832.0
2026-04-05 14:00:00,Discharge,31.559,68.441,49862.0
2026-04-05 15:00:00,Discharge,32.203,67.797,49770.0
2026-04-05 16:00:00,Recovery,29.116,70.884,0.0
2026-04-05 17:00:00,Recovery,27.344,72.656,0.0
2026-04-05 18:00:00,Recovery,26.067,73.933,0.0
2026-04-05 19:00:00,Recovery,25.116,74.884,0.0
2026-04-05 20:00:00,Recovery,24.292,75.708,0.0
2026-04-05 21:00:00,Recovery,23.642,76.358,0.0
2026-04-05 22:00:00,Recovery,23.018,76.982,0.0
2026-04-05 23:00:00,Recovery,22.523,77.477,0.0
2026-04-06 00:00:00,Recovery,22.057,77.943,0.0
2026-04-06 01:00:00,Recovery,21.598,78.402,0.0
2026-04-06 02:00:00,Recovery,21.235,78.765,0.0
2026-04-06 03:00:00,Recovery,20.893,79.107,0.0
2026-04-06 04:00:00,Recovery,20.576,79.424,0.0
2026-04-06 05:00:00,Recovery,20.24,79.76,0.0
2026-04-06 06:00:00,Idle,20.233,79.767,0.0
2026-04-06 07:00:00,Idle,20.263,79.737,0.0
2026-04-06 08:00:00,Discharge,24.054,75.946,49820.0
2026-04-06 09:00:00,Discharge,26.259,73.741,49724.0
2026-04-06 10:00:00,Discharge,27.848,72.152,49840.0
2026-04-06 11:00:00,Discharge,29.033,70.967,49754.0
2026-04-06 12:00:00,Discharge,30.056,69.944,49683.0
2026-04-06 13:00:00,Discharge,30.868,69.132,49850.0
2026-04-06 14:00:00,Discharge,31.632,68.368,49714.0
2026-04-06 15:00:00,Discharge,32.235,67.765,49816.0
2026-04-06 16:00:00,Recovery,29.21,70.79,0.0
2026-04-06 17:00:00,Recovery,27.405,72.595,0.0
2026-04-06 18:00:00,Recovery,26.134,73.866,0.0
2026-04-06 19:00:00,Recovery,25.132,74.868,0.0
2026-04-06 20:00:00,Recovery,24.319,75.681,0.0
2026-04-06 21:00:00,Recovery,23.687,76.313,0.0
2026-04-06 22:00:00,Recovery,23.098,76.902,0.0
2026-04-06 23:00:00,Recovery,22.562,77.438,0.0
2026-04-07 00:00:00,Recovery,22.08,77.92,0.0
2026-04-07 01:00:00,Recovery,21.66,78.34,0.0
2026-04-07 02:00:00,Recovery,21.298,78.702,0.0
2026-04-07 03:00:00,Recovery,20.955,79.045,0.0
2026-04-07 04:00:00,Recovery,20.628,79.372,0.0
2026-04-07 05:00:00,Recovery,20.317,79.683,0.0
2026-04-07 06:00:00,Idle,20.309,79.691,0.0
2026-04-07 07:00:00,Idle,20.275,79.725,0.0
2026-04-07 08:00:00,Discharge,24.065,75.935,49811.0
2026-04-07 09:00:00,Discharge,26.31,73.69,49757.0
2026-04-07 10:00:00,Discharge,27.847,72.153,49744.0
2026-04-07 11:00:00,Discharge,29.118,70.882,49791.0
2026-04-07 12:00:00,Discharge,30.065,69.935,49727.0
2026-04-07 13:00:00,Discharge,30.927,69.073,49808.0
2026-04-07 14:00:00,Discharge,31.666,68.334,49814.0
2026-04-07 15:00:00,Discharge,32.281,67.719,49713.0
2026-04-07 16:00:00,Recovery,29.226,70.774,0.0
2026-04-07 17:00:00,Recovery,27.442,72.558,0.0
2026-04-07 18:00:00,Recovery,26.197,73.803,0.0
2026-04-07 19:00:00,Recovery,25.207,74.793,0.0
2026-04-07 20:00:00,Recovery,24.414,75.586,0.0
2026-04-07 21:00:00,Recovery,23.723,76.277,0.0
2026-04-07 22:00:00,Recovery,23.128,76.872,0.0
2026-04-07 23:00:00,Recovery,22.58,77.42,0.0
2026-04-08 00:00:00,Recovery,22.131,77.869,0.0
2026-04-08 01:00:00,Recovery,21.705,78.295,0.0
2026-04-08 02:00:00,Recovery,21.319,78.681,0.0
2026-04-08 03:00:00,Recovery,21.01,78.99,0.0
2026-04-08 04:00:00,Recovery,20.648,79.352,0.0
2026-04-08 05:00:00,Recovery,20.374,79.626,0.0
2026-04-08 06:00:00,Idle,20.358,79.642,0.0
2026-04-08 07:00:00,Idle,20.368,79.632,0.0
2026-04-08 08:00:00,Discharge,24.136,75.864,49625.0
2026-04-08 09:00:00,Discharge,26.36,73.64,49794.0
2026-04-08 10:00:00,Discharge,27.905,72.095,49645.0
2026-04-08 11:00:00,Discharge,29.127,70.873,49632.0
2026-04-08 12:00:00,Discharge,30.152,69.848,49614.0
2026-04-08 13:00:00,Discharge,31.007,68.993,49755.0
2026-04-08 14:00:00,Discharge,31.734,68.266,49714.0
2026-04-08 15:00:00,Discharge,32.373,67.627,49721.0
2026-04-08 16:00:00,Recovery,29.262,70.738,0.0
2026-04-08 17:00:00,Recovery,27.528,72.472,0.0
2026-04-08 18:00:00,Recovery,26.228,73.772,0.0
2026-04-08 19:00:00,Recovery,25.276,74.724,0.0
2026-04-08 20:00:00,Recovery,24.471,75.529,0.0
2026-04-08 21:00:00,Recovery,23.784,76.216,0.0
2026-04-08 22:00:00,Recovery,23.162,76.838,0.0
2026-04-08 23:00:00,Recovery,22.647,77.353,0.0
2026-04-09 00:00:00,Recovery,22.21,77.79,0.0
2026-04-09 01:00:00,Recovery,21.758,78.242,0.0
2026-04-09 02:00:00,Recovery,21.365,78.635,0.0
2026-04-09 03:00:00,Recovery,21.035,78.965,0.0
2026-04-09 04:00:00,Recovery,20.731,79.269,0.0
2026-04-09 05:00:00,Recovery,20.412,79.588,0.0
2026-04-09 06:00:00,Idle,20.404,79.596,0.0
2026-04-09 07:00:00,Idle,20.376,79.624,0.0
2026-04-09 08:00:00,Discharge,24.192,75.808,49643.0
2026-04-09 09:00:00,Discharge,26.392,73.608,49684.0
2026-04-09 10:00:00,Discharge,27.972,72.028,49687.0
2026-04-09 11:00:00,Discharge,29.179,70.821,49661.0
2026-04-09 12:00:00,Discharge,30.197,69.803,49600.0
2026-04-09 13:00:00,Discharge,31.04,68.96,49596.0
2026-04-09 14:00:00,Discharge,31.744,68.256,49583.0
2026-04-09 15:00:00,Discharge,32.419,67.581,49710.0
2026-04-09 16:00:00,Recovery,29.348,70.652,0.0
2026-04-09 17:00:00,Recovery,27.527,72.473,0.0
2026-04-09 18:00:00,Recovery,26.253,73.747,0.0
2026-04-09 19:00:00,Recovery,25.306,74.694,0.0
2026-04-09 20:00:00,Recovery,24.475,75.525,0.0
2026-04-09 21:00:00,Recovery,23.787,76.213,0.0
2026-04-09 22:00:00,Recovery,23.218,76.782,0.0
2026-04-09 23:00:00,Recovery,22.677,77.323,0.0
2026-04-10 00:00:00,Recovery,22.262,77.738,0.0
2026-04-10 01:00:00,Recovery,21.79,78.21,0.0
2026-04-10 02:00:00,Recovery,21.439,78.561,0.0
2026-04-10 03:00:00,Recovery,21.078,78.922,0.0
2026-04-10 04:00:00,Recovery,20.765,79.235,0.0
2026-04-10 05:00:00,Recovery,20.44,79.56,0.0
2026-04-10 06:00:00,Idle,20.429,79.571,0.0
2026-04-10 07:00:00,Idle,20.479,79.521,0.0
2026-04-10 08:00:00,Discharge,24.256,75.744,49589.0
2026-04-10 09:00:00,Discharge,26.422,73.578,49711.0
2026-04-10 10:00:00,Discharge,27.993,72.007,49546.0
2026-04-10 11:00:00,Discharge,29.231,70.769,49719.0
2026-04-10 12:00:00,Discharge,30.225,69.775,49539.0
2026-04-10 13:00:00,Discharge,31.094,68.906,49639.0
2026-04-10 14:00:00,Discharge,31.814,68.186,49727.0
2026-04-10 15:00:00,Discharge,32.471,67.529,49647.0
2026-04-10 16:00:00,Recovery,29.386,70.614,0.0
2026-04-10 17:00:00,Recovery,27.614,72.386,0.0
2026-04-10 18:00:00,Recovery,26.311,73.689,0.0
2026-04-10 19:00:00,Recovery,25.326,74.674,0.0
2026-04-10 20:00:00,Recovery,24.572,75.428,0.0
2026-04-10 21:00:00,Recovery,23.876,76.124,0.0
2026-04-10 22:00:00,Recovery,23.246,76.754,0.0
2026-04-10 23:00:00,Recovery,22.748,77.252,0.0
2026-04-11 00:00:00,Recovery,22.285,77.715,0.0
2026-04-11 01:00:00,Recovery,21.883,78.117,0.0
2026-04-11 02:00:00,Recovery,21.47,78.53,0.0
2026-04-11 03:00:00,Recovery,21.113,78.887,0.0
2026-04-11 04:00:00,Recovery,20.779,79.221,0.0
2026-04-11 05:00:00,Recovery,20.496,79.504,0.0
2026-04-11 06:00:00,Idle,20.511,79.489,0.0
2026-04-11 07:00:00,Idle,20.473,79.527,0.0
2026-04-11 08:00:00,Discharge,24.31,75.69,49520.0
2026-04-11 09:00:00,Discharge,26.484,73.516,49604.0
2026-04-11 10:00:00,Discharge,28.084,71.916,49603.0
2026-04-11 11:00:00,Discharge,29.298,70.702,49675.0
2026-04-11 12:00:00,Discharge,30.3,69.7,49677.0
2026-04-11 13:00:00,Discharge,31.124,68.876,49579.0
2026-04-11 14:00:00,Discharge,31.852,68.148,49562.0
2026-04-11 15:00:00,Discharge,32.504,67.496,49665.0
2026-04-11 16:00:00,Recovery,29.457,70.543,0.0
2026-04-11 17:00:00,Recovery,27.623,72.377,0.0
2026-04-11 18:00:00,Recovery,26.36,73.64,0.0
2026-04-11 19:00:00,Recovery,25.371,74.629,0.0
2026-04-11 20:00:00,Recovery,24.566,75.434,0.0
2026-04-11 21:00:00,Recovery,23.934,76.066,0.0
2026-04-11 22:00:00,Recovery,23.336,76.664,0.0
2026-04-11 23:00:00,Recovery,22.803,77.197,0.0
2026-04-12 00:00:00,Recovery,22.315,77.685,0.0
2026-04-12 01:00:00,Recovery,21.918,78.082,0.0
2026-04-12 02:00:00,Recovery,21.533,78.467,0.0
2026-04-12 03:00:00,Recovery,21.162,78.838,0.0
2026-04-12 04:00:00,Recovery,20.85,79.15,0.0
2026-04-12 05:00:00,Recovery,20.544,79.456,0.0
2026-04-12 06:00:00,Idle,20.557,79.443,0.0
2026-04-12 07:00:00,Idle,20.558,79.442,0.0
2026-04-12 08:00:00,Discharge,24.308,75.692,49586.0
2026-04-12 09:00:00,Discharge,26.558,73.442,49634.0
2026-04-12 10:00:00,Discharge,28.121,71.879,49517.0
2026-04-12 11:00:00,Discharge,29.351,70.649,49464.0
2026-04-12 12:00:00,Discharge,30.31,69.69,49450.0
2026-04-12 13:00:00,Discharge,31.149,68.851,49576.0
2026-04-12 14:00:00,Discharge,31.915,68.085,49532.0
2026-04-12 15:00:00,Discharge,32.555,67.445,49626.0
2026-04-12 16:00:00,Recovery,29.496,70.504,0.0
2026-04-12 17:00:00,Recovery,27.68,72.32,0.0
2026-04-12 18:00:00,Recovery,26.451,73.549,0.0
2026-04-12 19:00:00,Recovery,25.467,74.533,0.0
2026-04-12 20:00:00,Recovery,24.651,75.349,0.0
2026-04-12 21:00:00,Recovery,23.982,76.018,0.0
2026-04-12 22:00:00,Recovery,23.383,76.617,0.0
2026-04-12 23:00:00,Recovery,22.837,77.163,0.0
2026-04-13 00:00:00,Recovery,22.376,77.624,0.0
2026-04-13 01:00:00,Recovery,21.952,78.048,0.0
2026-04-13 02:00:00,Recovery,21.577,78.423,0.0
2026-04-13 03:00:00,Recovery,21.204,78.796,0.0
2026-04-13 04:00:00,Recovery,20.912,79.088,0.0
2026-04-13 05:00:00,Recovery,20.59,79.41,0.0
2026-04-13 06:00:00,Idle,20.609,79.391,0.0
2026-04-13 07:00:00,Idle,20.593,79.407,0.0
2026-04-13 08:00:00,Discharge,24.396,75.604,49568.0
2026-04-13 09:00:00,Discharge,26.586,73.414,49541.0
2026-04-13 10:00:00,Discharge,28.148,71.852,49520.0
2026-04-13 11:00:00,Discharge,29.398,70.602,49563.0
2026-04-13 12:00:00,Discharge,30.358,69.642,49427.0
2026-04-13 13:00:00,Discharge,31.256,68.744,49570.0
2026-04-13 14:00:00,Discharge,31.937,68.063,49558.0
2026-04-13 15:00:00,Discharge,32.618,67.382,49583.0
2026-04-13 16:00:00,Recovery,29.555,70.445,0.0
2026-04-13 17:00:00,Recovery,27.73,72.27,0.0
2026-04-13 18:00:00,Recovery,26.468,73.532,0.0
2026-04-13 19:00:00,Recovery,25.503,74.497,0.0
2026-04-13 20:00:00,Recovery,24.715,75.285,0.0
2026-04-13 21:00:00,Recovery,24.017,75.983,0.0
2026-04-13 22:00:00,Recovery,23.408,76.592,0.0
2026-04-13 23:00:00,Recovery,22.915,77.085,0.0
2026-04-14 00:00:00,Recovery,22.454,77.546,0.0
2026-04-14 01:00:00,Recovery,22.003,77.997,0.0
2026-04-14 02:00:00,Recovery,21.627,78.373,0.0
2026-04-14 03:00:00,Recovery,21.284,78.716,0.0
2026-04-14 04:00:00,Recovery,20.954,79.046,0.0
2026-04-14 05:00:00,Recovery,20.643,79.357,0.0
2026-04-14 06:00:00,Idle,20.638,79.362,0.0
2026-04-14 07:00:00,Idle,20.626,79.374,0.0
2026-04-14 08:00:00,Discharge,24.409,75.591,49565.0
2026-04-14 09:00:00,Discharge,26.674,73.326,49452.0
2026-04-14 10:00:00,Discharge,28.212,71.788,49404.0
2026-04-14 11:00:00,Discharge,29.467,70.533,49504.0
2026-04-14 12:00:00,Discharge,30.435,69.565,49487.0
2026-04-14 13:00:00,Discharge,31.252,68.748,49445.0
2026-04-14 14:00:00,Discharge,31.994,68.006,49401.0
2026-04-14 15:00:00,Discharge,32.653,67.347,49429.0
2026-04-14 16:00:00,Recovery,29.609,70.391,0.0
2026-04-14 17:00:00,Recovery,27.819,72.181,0.0
2026-04-14 18:00:00,Recovery,26.508,73.492,0.0
2026-04-14 19:00:00,Recovery,25.548,74.452,0.0
2026-04-14 20:00:00,Recovery,24.717,75.283,0.0
2026-04-14 21:00:00,Recovery,24.066,75.934,0.0
2026-04-14 22:00:00,Recovery,23.47,76.53,0.0
2026-04-14 23:00:00,Recovery,22.977,77.023,0.0
2026-04-15 00:00:00,Recovery,22.48,77.52,0.0
2026-04-15 01:00:00,Recovery,22.046,77.954,0.0
2026-04-15 02:00:00,Recovery,21.663,78.337,0.0
2026-04-15 03:00:00,Recovery,21.347,78.653,0.0
2026-04-15 04:00:00,Recovery,21.012,78.988,0.0
2026-04-15 05:00:00,Recovery,20.676,79.324,0.0
2026-04-15 06:00:00,Idle,20.675,79.325,0.0
2026-04-15 07:00:00,Idle,20.712,79.288,0.0
2026-04-15 08:00:00,Discharge,24.46,75.54,49524.0
2026-04-15 09:00:00,Discharge,26.724,73.276,49540.0
2026-04-15 10:00:00,Discharge,28.246,71.754,49511.0
2026-04-15 11:00:00,Discharge,29.474,70.526,49482.0
2026-04-15 12:00:00,Discharge,30.478,69.522,49411.0
2026-04-15 13:00:00,Discharge,31.35,68.65,49491.0
2026-04-15 14:00:00,Discharge,32.084,67.916,49391.0
2026-04-15 15:00:00,Discharge,32.715,67.285,49416.0
2026-04-15 16:00:00,Recovery,29.654,70.346,0.0
2026-04-15 17:00:00,Recovery,27.851,72.149,0.0
2026-04-15 18:00:00,Recovery,26.575,73.425,0.0
2026-04-15 19:00:00,Recovery,25.61,74.39,0.0
2026-04-15 20:00:00,Recovery,24.778,75.222,0.0
2026-04-15 21:00:00,Recovery,24.103,75.897,0.0
2026-04-15 22:00:00,Recovery,23.52,76.48,0.0
2026-04-15 23:00:00,Recovery,22.989,77.011,0.0
2026-04-16 00:00:00,Recovery,22.534,77.466,0.0
2026-04-16 01:00:00,Recovery,22.123,77.877,0.0
2026-04-16 02:00:00,Recovery,21.749,78.251,0.0
2026-04-16 03:00:00,Recovery,21.398,78.602,0.0
2026-04-16 04:00:00,Recovery,21.074,78.926,0.0
2026-04-16 05:00:00,Recovery,20.765,79.235,0.0
2026-04-16 06:00:00,Idle,20.761,79.239,0.0
2026-04-16 07:00:00,Idle,20.734,79.266,0.0
2026-04-16 08:00:00,Discharge,24.53,75.47,49416.0
2026-04-16 09:00:00,Discharge,26.725,73.275,49464.0
2026-04-16 10:00:00,Discharge,28.305,71.695,49437.0
2026-04-16 11:00:00,Discharge,29.558,70.442,49476.0
2026-04-16 12:00:00,Discharge,30.564,69.436,49364.0
2026-04-16 13:00:00,Discharge,31.367,68.633,49383.0
2026-04-16 14:00:00,Discharge,32.108,67.892,49467.0
2026-04-16 15:00:00,Discharge,32.753,67.247,49323.0
2026-04-16 16:00:00,Recovery,29.666,70.334,0.0
2026-04-16 17:00:00,Recovery,27.882,72.118,0.0
2026-04-16 18:00:00,Recovery,26.616,73.384,0.0
2026-04-16 19:00:00,Recovery,25.636,74.364,0.0
2026-04-16 20:00:00,Recovery,24.873,75.127,0.0
2026-04-16 21:00:00,Recovery,24.175,75.825,0.0
2026-04-16 22:00:00,Recovery,23.567,76.433,0.0
2026-04-16 23:00:00,Recovery,23.068,76.932,0.0
2026-04-17 00:00:00,Recovery,22.614,77.386,0.0
2026-04-17 01:00:00,Recovery,22.196,77.804,0.0
2026-04-17 02:00:00,Recovery,21.758,78.242,0.0
2026-04-17 03:00:00,Recovery,21.425,78.575,0.0
2026-04-17 04:00:00,Recovery,21.081,78.919,0.0
2026-04-17 05:00:00,Recovery,20.79,79.21,0.0
2026-04-17 06:00:00,Idle,20.78,79.22,0.0
2026-04-17 07:00:00,Idle,20.809,79.191,0.0
2026-04-17 08:00:00,Discharge,24.579,75.421,49323.0
2026-04-17 09:00:00,Discharge,26.805,73.195,49364.0
2026-04-17 10:00:00,Discharge,28.4,71.6,49455.0
2026-04-17 11:00:00,Discharge,29.587,70.413,49454.0
2026-04-17 12:00:00,Discharge,30.588,69.412,49424.0
2026-04-17 13:00:00,Discharge,31.422,68.578,49420.0
2026-04-17 14:00:00,Discharge,32.135,67.865,49298.0
2026-04-17 15:00:00,Discharge,32.819,67.181,49345.0
2026-04-17 16:00:00,Recovery,29.736,70.264,0.0
2026-04-17 17:00:00,Recovery,27.957,72.043,0.0
2026-04-17 18:00:00,Recovery,26.708,73.292,0.0
2026-04-17 19:00:00,Recovery,25.673,74.327,0.0
2026-04-17 20:00:00,Recovery,24.916,75.084,0.0
2026-04-17 21:00:00,Recovery,24.216,75.784,0.0
2026-04-17 22:00:00,Recovery,23.604,76.396,0.0
2026-04-17 23:00:00,Recovery,23.099,76.901,0.0
2026-04-18 00:00:00,Recovery,22.656,77.344,0.0
2026-04-18 01:00:00,Recovery,22.217,77.783,0.0
2026-04-18 02:00:00,Recovery,21.864,78.136,0.0
2026-04-18 03:00:00,Recovery,21.474,78.526,0.0
2026-04-18 04:00:00,Recovery,21.169,78.831,0.0
2026-04-18 05:00:00,Recovery,20.844,79.156,0.0
2026-04-18 06:00:00,Idle,20.87,79.13,0.0
2026-04-18 07:00:00,Idle,20.854,79.146,0.0
2026-04-18 08:00:00,Discharge,24.609,75.391,49345.0
2026-04-18 09:00:00,Discharge,26.845,73.155,49369.0
2026-04-18 10:00:00,Discharge,28.392,71.608,49295.0
2026-04-18 11:00:00,Discharge,29.662,70.338,49437.0
2026-04-18 12:00:00,Discharge,30.666,69.334,49342.0
2026-04-18 13:00:00,Discharge,31.502,68.498,49263.0
2026-04-18 14:00:00,Discharge,32.223,67.777,49405.0
2026-04-18 15:00:00,Discharge,32.865,67.135,49323.0
2026-04-18 16:00:00,Recovery,29.776,70.224,0.0
2026-04-18 17:00:00,Recovery,27.999,72.001,0.0
2026-04-18 18:00:00,Recovery,26.71,73.29,0.0
2026-04-18 19:00:00,Recovery,25.775,74.225,0.0
2026-04-18 20:00:00,Recovery,24.95,75.05,0.0
2026-04-18 21:00:00,Recovery,24.247,75.753,0.0
2026-04-18 22:00:00,Recovery,23.684,76.316,0.0
2026-04-18 23:00:00,Recovery,23.161,76.839,0.0
2026-04-19 00:00:00,Recovery,22.681,77.319,0.0
2026-04-19 01:00:00,Recovery,22.245,77.755,0.0
2026-04-19 02:00:00,Recovery,21.895,78.105,0.0
2026-04-19 03:00:00,Recovery,21.533,78.467,0.0
2026-04-19 04:00:00,Recovery,21.221,78.779,0.0
2026-04-19 05:00:00,Recovery,20.901,79.099,0.0
2026-04-19 06:00:00,Idle,20.921,79.079,0.0
2026-04-19 07:00:00,Idle,20.903,79.097,0.0
2026-04-19 08:00:00,Discharge,24.689,75.311,49270.0
2026-04-19 09:00:00,Discharge,26.905,73.095,49260.0
2026-04-19 10:00:00,Discharge,28.466,71.534,49298.0
2026-04-19 11:00:00,Discharge,29.698,70.302,49288.0
2026-04-19 12:00:00,Discharge,30.668,69.332,49379.0
2026-04-19 13:00:00,Discharge,31.534,68.466,49251.0
2026-04-19 14:00:00,Discharge,32.263,67.737,49295.0
2026-04-19 15:00:00,Discharge,32.894,67.106,49304.0
2026-04-19 16:00:00,Recovery,29.817,70.183,0.0
2026-04-19 17:00:00,Recovery,28.066,71.934,0.0
2026-04-19 18:00:00,Recovery,26.785,73.215,0.0
2026-04-19 19:00:00,Recovery,25.795,74.205,0.0
2026-04-19 20:00:00,Recovery,25.018,74.982,0.0
2026-04-19 21:00:00,Recovery,24.301,75.699,0.0
2026-04-19 22:00:00,Recovery,23.725,76.275,0.0
2026-04-19 23:00:00,Recovery,23.216,76.784,0.0
2026-04-20 00:00:00,Recovery,22.757,77.243,0.0
2026-04-20 01:00:00,Recovery,22.316,77.684,0.0
2026-04-20 02:00:00,Recovery,21.955,78.045,0.0
2026-04-20 03:00:00,Recovery,21.598,78.402,0.0
2026-04-20 04:00:00,Recovery,21.228,78.772,0.0
2026-04-20 05:00:00,Recovery,20.923,79.077,0.0
2026-04-20 06:00:00,Idle,20.957,79.043,0.0
2026-04-20 07:00:00,Idle,20.941,79.059,0.0
2026-04-20 08:00:00,Discharge,24.718,75.282,49213.0
2026-04-20 09:00:00,Discharge,26.934,73.066,49285.0
2026-04-20 10:00:00,Discharge,28.523,71.477,49321.0
2026-04-20 11:00:00,Discharge,29.718,70.282,49265.0
2026-04-20 12:00:00,Discharge,30.73,69.27,49314.0
2026-04-20 13:00:00,Discharge,31.586,68.414,49274.0
2026-04-20 14:00:00,Discharge,32.319,67.681,49195.0
2026-04-20 15:00:00,Discharge,32.974,67.026,49365.0
2026-04-20 16:00:00,Recovery,29.892,70.108,0.0
2026-04-20 17:00:00,Recovery,28.13,71.87,0.0
2026-04-20 18:00:00,Recovery,26.839,73.161,0.0
2026-04-20 19:00:00,Recovery,25.831,74.169,0.0
2026-04-20 20:00:00,Recovery,25.063,74.937,0.0
2026-04-20 21:00:00,Recovery,24.354,75.646,0.0
2026-04-20 22:00:00,Recovery,23.765,76.235,0.0
2026-04-20 23:00:00,Recovery,23.226,76.774,0.0
2026-04-21 00:00:00,Recovery,22.792,77.208,0.0
2026-04-21 01:00:00,Recovery,22.371,77.629,0.0
2026-04-21 02:00:00,Recovery,21.976,78.024,0.0
2026-04-21 03:00:00,Recovery,21.655,78.345,0.0
2026-04-21 04:00:00,Recovery,21.282,78.718,0.0
2026-04-21 05:00:00,Recovery,20.99,79.01,0.0
2026-04-21 06:00:00,Idle,20.989,79.011,0.0
2026-04-21 07:00:00,Idle,20.976,79.024,0.0
2026-04-21 08:00:00,Discharge,24.784,75.216,49204.0
2026-04-21 09:00:00,Discharge,27.022,72.978,49211.0
2026-04-21 10:00:00,Discharge,28.564,71.436,49229.0
2026-04-21 11:00:00,Discharge,29.776,70.224,49149.0
2026-04-21 12:00:00,Discharge,30.761,69.239,49247.0
2026-04-21 13:00:00,Discharge,31.609,68.391,49195.0
2026-04-21 14:00:00,Discharge,32.349,67.651,49162.0
2026-04-21 15:00:00,Discharge,33.007,66.993,49226.0
2026-04-21 16:00:00,Recovery,29.939,70.061,0.0
2026-04-21 17:00:00,Recovery,28.167,71.833,0.0
2026-04-21 18:00:00,Recovery,26.855,73.145,0.0
2026-04-21 19:00:00,Recovery,25.883,74.117,0.0
2026-04-21 20:00:00,Recovery,25.106,74.894,0.0
2026-04-21 21:00:00,Recovery,24.437,75.563,0.0
2026-04-21 22:00:00,Recovery,23.825,76.175,0.0
2026-04-21 23:00:00,Recovery,23.306,76.694,0.0
2026-04-22 00:00:00,Recovery,22.816,77.184,0.0
2026-04-22 01:00:00,Recovery,22.415,77.585,0.0
2026-04-22 02:00:00,Recovery,22.037,77.963,0.0
2026-04-22 03:00:00,Recovery,21.666,78.334,0.0
2026-04-22 04:00:00,Recovery,21.341,78.659,0.0
2026-04-22 05:00:00,Recovery,21.043,78.957,0.0
2026-04-22 06:00:00,Idle,21.021,78.979,0.0
2026-04-22 07:00:00,Idle,21.039,78.961,0.0
2026-04-22 08:00:00,Discharge,24.818,75.182,49233.0
2026-04-22 09:00:00,Discharge,27.027,72.973,49252.0
2026-04-22 10:00:00,Discharge,28.612,71.388,49132.0
2026-04-22 11:00:00,Discharge,29.851,70.149,49174.0
2026-04-22 12:00:00,Discharge,30.845,69.155,49253.0
2026-04-22 13:00:00,Discharge,31.653,68.347,49218.0
2026-04-22 14:00:00,Discharge,32.421,67.579,49218.0
2026-04-22 15:00:00,Discharge,33.065,66.935,49220.0
2026-04-22 16:00:00,Recovery,29.995,70.005,0.0
2026-04-22 17:00:00,Recovery,28.195,71.805,0.0
2026-04-22 18:00:00,Recovery,26.923,73.077,0.0
2026-04-22 19:00:00,Recovery,25.972,74.028,0.0
2026-04-22 20:00:00,Recovery,25.15,74.85,0.0
2026-04-22 21:00:00,Recovery,24.448,75.552,0.0
2026-04-22 22:00:00,Recovery,23.874,76.126,0.0
2026-04-22 23:00:00,Recovery,23.344,76.656,0.0
2026-04-23 00:00:00,Recovery,22.915,77.085,0.0
2026-04-23 01:00:00,Recovery,22.439,77.561,0.0
2026-04-23 02:00:00,Recovery,22.068,77.932,0.0
2026-04-23 03:00:00,Recovery,21.723,78.277,0.0
2026-04-23 04:00:00,Recovery,21.404,78.596,0.0
2026-04-23 05:00:00,Recovery,21.121,78.879,0.0
2026-04-23 06:00:00,Idle,21.075,78.925,0.0
2026-04-23 07:00:00,Idle,21.118,78.882,0.0
2026-04-23 08:00:00,Discharge,24.859,75.141,49204.0
2026-04-23 09:00:00,Discharge,27.075,72.925,49098.0
2026-04-23 10:00:00,Discharge,28.666,71.334,49103.0
2026-04-23 11:00:00,Discharge,29.92,70.08,49073.0
2026-04-23 12:00:00,Discharge,30.879,69.121,49142.0
2026-04-23 13:00:00,Discharge,31.749,68.251,49201.0
2026-04-23 14:00:00,Discharge,32.485,67.515,49161.0
2026-04-23 15:00:00,Discharge,33.08,66.92,49246.0
2026-04-23 16:00:00,Recovery,30.061,69.939,0.0
2026-04-23 17:00:00,Recovery,28.265,71.735,0.0
2026-04-23 18:00:00,Recovery,26.985,73.015,0.0
2026-04-23 19:00:00,Recovery,25.997,74.003,0.0
2026-04-23 20:00:00,Recovery,25.214,74.786,0.0
2026-04-23 21:00:00,Recovery,24.495,75.505,0.0
2026-04-23 22:00:00,Recovery,23.952,76.048,0.0
2026-04-23 23:00:00,Recovery,23.417,76.583,0.0
2026-04-24 00:00:00,Recovery,22.921,77.079,0.0
2026-04-24 01:00:00,Recovery,22.533,77.467,0.0
2026-04-24 02:00:00,Recovery,22.136,77.864,0.0
2026-04-24 03:00:00,Recovery,21.794,78.206,0.0
2026-04-24 04:00:00,Recovery,21.471,78.529,0.0
2026-04-24 05:00:00,Recovery,21.125,78.875,0.0
2026-04-24 06:00:00,Idle,21.15,78.85,0.0
2026-04-24 07:00:00,Idle,21.176,78.824,0.0
2026-04-24 08:00:00,Discharge,24.925,75.075,49049.0
2026-04-24 09:00:00,Discharge,27.123,72.877,49224.0
2026-04-24 10:00:00,Discharge,28.718,71.282,49051.0
2026-04-24 11:00:00,Discharge,29.914,70.086,49218.0
2026-04-24 12:00:00,Discharge,30.918,69.082,49214.0
2026-04-24 13:00:00,Discharge,31.796,68.204,49111.0
2026-04-24 14:00:00,Discharge,32.485,67.515,49119.0
2026-04-24 15:00:00,Discharge,33.166,66.834,49189.0
2026-04-24 16:00:00,Recovery,30.09,69.91,0.0
2026-04-24 17:00:00,Recovery,28.297,71.703,0.0
2026-04-24 18:00:00,Recovery,27.024,72.976,0.0
2026-04-24 19:00:00,Recovery,26.074,73.926,0.0
2026-04-24 20:00:00,Recovery,25.263,74.737,0.0
2026-04-24 21:00:00,Recovery,24.591,75.409,0.0
2026-04-24 22:00:00,Recovery,23.951,76.049,0.0
2026-04-24 23:00:00,Recovery,23.468,76.532,0.0
2026-04-25 00:00:00,Recovery,23.016,76.984,0.0
2026-04-25 01:00:00,Recovery,22.55,77.45,0.0
2026-04-25 02:00:00,Recovery,22.159,77.841,0.0
2026-04-25 03:00:00,Recovery,21.846,78.154,0.0
2026-04-25 04:00:00,Recovery,21.509,78.491,0.0
2026-04-25 05:00:00,Recovery,21.221,78.779,0.0
2026-04-25 06:00:00,Idle,21.178,78.822,0.0
2026-04-25 07:00:00,Idle,21.218,78.782,0.0
2026-04-25 08:00:00,Discharge,24.968,75.032,49033.0
2026-04-25 09:00:00,Discharge,27.22,72.78,49168.0
2026-04-25 10:00:00,Discharge,28.79,71.21,49126.0
2026-04-25 11:00:00,Discharge,29.998,70.002,49065.0
2026-04-25 12:00:00,Discharge,30.977,69.023,49045.0
2026-04-25 13:00:00,Discharge,31.821,68.179,49043.0
2026-04-25 14:00:00,Discharge,32.554,67.446,49107.0
2026-04-25 15:00:00,Discharge,33.193,66.807,49182.0
2026-04-25 16:00:00,Recovery,30.149,69.851,0.0
2026-04-25 17:00:00,Recovery,28.354,71.646,0.0
2026-04-25 18:00:00,Recovery,27.079,72.921,0.0
2026-04-25 19:00:00,Recovery,26.103,73.897,0.0
2026-04-25 20:00:00,Recovery,25.285,74.715,0.0
2026-04-25 21:00:00,Recovery,24.607,75.393,0.0
2026-04-25 22:00:00,Recovery,24.026,75.974,0.0
2026-04-25 23:00:00,Recovery,23.478,76.522,0.0
2026-04-26 00:00:00,Recovery,23.023,76.977,0.0
2026-04-26 01:00:00,Recovery,22.621,77.379,0.0
2026-04-26 02:00:00,Recovery,22.231,77.769,0.0
2026-04-26 03:00:00,Recovery,21.871,78.129,0.0
2026-04-26 04:00:00,Recovery,21.568,78.432,0.0
2026-04-26 05:00:00,Recovery,21.262,78.738,0.0
2026-04-26 06:00:00,Idle,21.23,78.77,0.0
2026-04-26 07:00:00,Idle,21.273,78.727,0.0
2026-04-26 08:00:00,Discharge,25.035,74.965,49127.0
2026-04-26 09:00:00,Discharge,27.267,72.733,49010.0
2026-04-26 10:00:00,Discharge,28.836,71.164,49127.0
2026-04-26 11:00:00,Discharge,30.054,69.946,49168.0
2026-04-26 12:00:00,Discharge,31.04,68.96,48982.0
2026-04-26 13:00:00,Discharge,31.877,68.123,49046.0
2026-04-26 14:00:00,Discharge,32.597,67.403,49010.0
2026-04-26 15:00:00,Discharge,33.252,66.748,49019.0
2026-04-26 16:00:00,Recovery,30.212,69.788,0.0
2026-04-26 17:00:00,Recovery,28.38,71.62,0.0
2026-04-26 18:00:00,Recovery,27.126,72.874,0.0
2026-04-26 19:00:00,Recovery,26.166,73.834,0.0
2026-04-26 20:00:00,Recovery,25.322,74.678,0.0
2026-04-26 21:00:00,Recovery,24.647,75.353,0.0
2026-04-26 22:00:00,Recovery,24.087,75.913,0.0
2026-04-26 23:00:00,Recovery,23.567,76.433,0.0
2026-04-27 00:00:00,Recovery,23.098,76.902,0.0
2026-04-27 01:00:00,Recovery,22.68,77.32,0.0
2026-04-27 02:00:00,Recovery,22.287,77.713,0.0
2026-04-27 03:00:00,Recovery,21.917,78.083,0.0
2026-04-27 04:00:00,Recovery,21.595,78.405,0.0
2026-04-27 05:00:00,Recovery,21.281,78.719,0.0
2026-04-27 06:00:00,Idle,21.325,78.675,0.0
2026-04-27 07:00:00,Idle,21.305,78.695,0.0
2026-04-27 08:00:00,Discharge,25.08,74.92,48970.0
2026-04-27 09:00:00,Discharge,27.287,72.713,49030.0
2026-04-27 10:00:00,Discharge,28.85,71.15,49064.0
2026-04-27 11:00:00,Discharge,30.068,69.932,49034.0
2026-04-27 12:00:00,Discharge,31.099,68.901,49094.0
2026-04-27 13:00:00,Discharge,31.953,68.047,49023.0
2026-04-27 14:00:00,Discharge,32.682,67.318,49056.0
2026-04-27 15:00:00,Discharge,33.325,66.675,48995.0
2026-04-27 16:00:00,Recovery,30.25,69.75,0.0
2026-04-27 17:00:00,Recovery,28.468,71.532,0.0
2026-04-27 18:00:00,Recovery,27.175,72.825,0.0
2026-04-27 19:00:00,Recovery,26.172,73.828,0.0
2026-04-27 20:00:00,Recovery,25.368,74.632,0.0
2026-04-27 21:00:00,Recovery,24.689,75.311,0.0
2026-04-27 22:00:00,Recovery,24.144,75.856,0.0
2026-04-27 23:00:00,Recovery,23.629,76.371,0.0
2026-04-28 00:00:00,Recovery,23.117,76.883,0.0
2026-04-28 01:00:00,Recovery,22.703,77.297,0.0
2026-04-28 02:00:00,Recovery,22.315,77.685,0.0
2026-04-28 03:00:00,Recovery,21.963,78.037,0.0
2026-04-28 04:00:00,Recovery,21.675,78.325,0.0
2026-04-28 05:00:00,Recovery,21.34,78.66,0.0
2026-04-28 06:00:00,Idle,21.339,78.661,0.0
2026-04-28 07:00:00,Idle,21.334,78.666,0.0
2026-04-28 08:00:00,Discharge,25.142,74.858,49073.0
2026-04-28 09:00:00,Discharge,27.323,72.677,49035.0
2026-04-28 10:00:00,Discharge,28.903,71.097,48955.0
2026-04-28 11:00:00,Discharge,30.11,69.89,49067.0
2026-04-28 12:00:00,Discharge,31.112,68.888,48923.0
2026-04-28 13:00:00,Discharge,31.999,68.001,48936.0
2026-04-28 14:00:00,Discharge,32.698,67.302,49060.0
2026-04-28 15:00:00,Discharge,33.375,66.625,49026.0
2026-04-28 16:00:00,Recovery,30.275,69.725,0.0
2026-04-28 17:00:00,Recovery,28.499,71.501,0.0
2026-04-28 18:00:00,Recovery,27.211,72.789,0.0
2026-04-28 19:00:00,Recovery,26.229,73.771,0.0
2026-04-28 20:00:00,Recovery,25.443,74.557,0.0
2026-04-28 21:00:00,Recovery,24.758,75.242,0.0
2026-04-28 22:00:00,Recovery,24.199,75.801,0.0
2026-04-28 23:00:00,Recovery,23.646,76.354,0.0
2026-04-29 00:00:00,Recovery,23.194,76.806,0.0
2026-04-29 01:00:00,Recovery,22.777,77.223,0.0
2026-04-29 02:00:00,Recovery,22.355,77.645,0.0
2026-04-29 03:00:00,Recovery,22.041,77.959,0.0
2026-04-29 04:00:00,Recovery,21.685,78.315,0.0
2026-04-29 05:00:00,Recovery,21.428,78.572,0.0
2026-04-29 06:00:00,Idle,21.379,78.621,0.0
2026-04-29 07:00:00,Idle,21.395,78.605,0.0
2026-04-29 08:00:00,Discharge,25.161,74.839,49066.0
2026-04-29 09:00:00,Discharge,27.381,72.619,48948.0
2026-04-29 10:00:00,Discharge,28.977,71.023,49018.0
2026-04-29 11:00:00,Discharge,30.184,69.816,49056.0
2026-04-29 12:00:00,Discharge,31.168,68.832,48939.0
2026-04-29 13:00:00,Discharge,32.01,67.99,48906.0
2026-04-29 14:00:00,Discharge,32.764,67.236,48907.0
2026-04-29 15:00:00,Discharge,33.42,66.58,48896.0
2026-04-29 16:00:00,Recovery,30.315,69.685,0.0
2026-04-29 17:00:00,Recovery,28.569,71.431,0.0
2026-04-29 18:00:00,Recovery,27.28,72.72,0.0
2026-04-29 19:00:00,Recovery,26.299,73.701,0.0
2026-04-29 20:00:00,Recovery,25.49,74.51,0.0
2026-04-29 21:00:00,Recovery,24.807,75.193,0.0
2026-04-29 22:00:00,Recovery,24.227,75.773,0.0
2026-04-29 23:00:00,Recovery,23.683,76.317,0.0
2026-04-30 00:00:00,Recovery,23.22,76.78,0.0
2026-04-30 01:00:00,Recovery,22.84,77.16,0.0
2026-04-30 02:00:00,Recovery,22.461,77.539,0.0
2026-04-30 03:00:00,Recovery,22.074,77.926,0.0
2026-04-30 04:00:00,Recovery,21.741,78.259,0.0
2026-04-30 05:00:00,Recovery,21.459,78.541,0.0
2026-04-30 06:00:00,Idle,21.445,78.555,0.0
2026-04-30 07:00:00,Idle,21.422,78.578,0.0
2026-04-30 08:00:00,Discharge,25.215,74.785,49008.0
2026-04-30 09:00:00,Discharge,27.472,72.528,48838.0
2026-04-30 10:00:00,Discharge,28.993,71.007,48897.0
2026-04-30 11:00:00,Discharge,30.224,69.776,49017.0
2026-04-30 12:00:00,Discharge,31.236,68.764,48902.0
2026-04-30 13:00:00,Discharge,32.054,67.946,48897.0
2026-04-30 14:00:00,Discharge,32.83,67.17,48922.0
2026-04-30 15:00:00,Discharge,33.434,66.566,48992.0
2026-04-30 16:00:00,Recovery,30.41,69.59,0.0
2026-04-30 17:00:00,Recovery,28.631,71.369,0.0
2026-04-30 18:00:00,Recovery,27.339,72.661,0.0
2026-04-30 19:00:00,Recovery,26.366,73.634,0.0
2026-04-30 20:00:00,Recovery,25.571,74.429,0.0
2026-04-30 21:00:00,Recovery,24.89,75.11,0.0
2026-04-30 22:00:00,Recovery,24.252,75.748,0.0
2026-04-30 23:00:00,Recovery,23.749,76.251,0.0
