waktu,Muka_Air_Tanah_mean,Kedalaman_Sumur,Data_Air_Tanah
2026-01-01 00:00:00,0.04,80.0,79.96
2026-01-01 01:00:00,0.04,80.0,79.96
2026-01-01 02:00:00,0.04,80.0,79.96
2026-01-01 03:00:00,0.04,80.0,79.96
2026-01-01 04:00:00,0.04,80.0,79.96
2026-01-01 05:00:00,0.04,80.0,79.96
2026-01-01 06:00:00,0.04,80.0,79.96
2026-01-01 07:00:00,0.05,80.0,79.95
2026-01-01 08:00:00,0.05,80.0,79.95
2026-01-01 09:00:00,0.05,80.0,79.95
2026-01-01 10:00:00,0.05,80.0,79.95
2026-01-01 11:00:00,0.05,80.0,79.95
2026-01-01 12:00:00,0.05,80.0,79.95
2026-01-01 13:00:00,0.05,80.0,79.95
2026-01-01 14:00:00,0.05,80.0,79.95
2026-01-01 15:00:00,0.05,80.0,79.95
2026-01-01 16:00:00,0.05,80.0,79.95
2026-01-01 17:00:00,0.05,80.0,79.95
2026-01-01 18:00:00,0.05,80.0,79.95
2026-01-01 19:00:00,0.05,80.0,79.95
2026-01-01 20:00:00,0.05,80.0,79.95
2026-01-01 21:00:00,0.05,80.0,79.95
2026-01-01 22:00:00,0.05,80.0,79.95
2026-01-01 23:00:00,0.05,80.0,79.95
2026-01-02 00:00:00,0.05,80.0,79.95
2026-01-02 01:00:00,0.05,80.0,79.95
2026-01-02 02:00:00,0.05,80.0,79.95
2026-01-02 03:00:00,0.05,80.0,79.95
2026-01-02 04:00:00,0.05,80.0,79.95
2026-01-02 05:00:00,0.05,80.0,79.95
2026-01-02 06:00:00,0.05,80.0,79.95
2026-01-02 07:00:00,0.05,80.0,79.95
2026-01-02 08:00:00,0.05,80.0,79.95
2026-01-02 09:00:00,0.05,80.0,79.95
2026-01-02 10:00:00,0.38,80.0,79.62
2026-01-02 11:00:00,0.09,80.0,79.91
2026-01-02 13:00:00,0.09,80.0,79.91
2026-01-02 14:00:00,0.75,80.0,79.25
2026-01-02 15:00:00,4.0,80.0,76.0
2026-01-02 16:00:00,4.01,80.0,75.99
2026-01-02 17:00:00,4.01,80.0,75.99
2026-01-02 18:00:00,4.0,80.0,76.0
2026-01-02 19:00:00,4.0,80.0,76.0
2026-01-02 20:00:00,4.0,80.0,76.0
2026-01-02 21:00:00,4.01,80.0,75.99
2026-01-02 22:00:00,4.01,80.0,75.99
2026-01-02 23:00:00,4.01,80.0,75.99
2026-01-03 00:00:00,4.01,80.0,75.99
2026-01-03 01:00:00,4.01,80.0,75.99
2026-01-03 02:00:00,4.01,80.0,75.99
2026-01-03 03:00:00,4.01,80.0,75.99
2026-01-03 04:00:00,4.01,80.0,75.99
2026-01-03 05:00:00,4.01,80.0,75.99
2026-01-03 06:00:00,4.01,80.0,75.99
2026-01-03 07:00:00,4.0,80.0,76.0
2026-01-03 08:00:00,4.0,80.0,76.0
2026-01-03 09:00:00,4.0,80.0,76.0
2026-01-03 10:00:00,4.0,80.0,76.0
2026-01-03 11:00:00,4.01,80.0,75.99
2026-01-03 12:00:00,4.01,80.0,75.99
2026-01-03 13:00:00,4.25,80.0,75.75
2026-01-03 14:00:00,2.33,80.0,77.67
2026-01-03 15:00:00,0.18,80.0,79.82
2026-01-03 16:00:00,0.17,80.0,79.83
2026-01-03 17:00:00,0.18,80.0,79.82
2026-01-03 18:00:00,0.18,80.0,79.82
2026-01-03 19:00:00,0.18,80.0,79.82
2026-01-03 20:00:00,0.18,80.0,79.82
2026-01-03 21:00:00,0.18,80.0,79.82
2026-01-03 22:00:00,0.18,80.0,79.82
2026-01-03 23:00:00,0.18,80.0,79.82
2026-01-04 00:00:00,0.18,80.0,79.82
2026-01-04 01:00:00,0.18,80.0,79.82
2026-01-04 02:00:00,0.18,80.0,79.82
2026-01-04 03:00:00,0.18,80.0,79.82
2026-01-04 04:00:00,0.19,80.0,79.81
2026-01-04 05:00:00,0.19,80.0,79.81
2026-01-04 06:00:00,0.19,80.0,79.81
2026-01-04 07:00:00,0.19,80.0,79.81
2026-01-04 08:00:00,0.19,80.0,79.81
2026-01-04 09:00:00,0.19,80.0,79.81
2026-01-04 10:00:00,0.19,80.0,79.81
2026-01-04 11:00:00,0.19,80.0,79.81
2026-01-04 12:00:00,0.18,80.0,79.82
2026-01-04 13:00:00,0.18,80.0,79.82
2026-01-04 14:00:00,0.18,80.0,79.82
2026-01-04 15:00:00,0.18,80.0,79.82
2026-01-04 16:00:00,0.17,80.0,79.83
2026-01-04 17:00:00,0.17,80.0,79.83
2026-01-04 18:00:00,0.17,80.0,79.83
2026-01-04 19:00:00,0.17,80.0,79.83
2026-01-04 20:00:00,0.17,80.0,79.83
2026-01-04 21:00:00,0.17,80.0,79.83
2026-01-04 22:00:00,0.17,80.0,79.83
2026-01-04 23:00:00,0.17,80.0,79.83
2026-01-05 01:00:00,0.17,80.0,79.83
2026-01-05 04:00:00,0.17,80.0,79.83
2026-01-05 07:00:00,0.18,80.0,79.82
2026-01-05 08:00:00,0.18,80.0,79.82
2026-01-05 09:00:00,0.18,80.0,79.82
2026-01-05 10:00:00,0.18,80.0,79.82
2026-01-05 11:00:00,0.17,80.0,79.83
2026-01-05 12:00:00,0.17,80.0,79.83
2026-01-05 13:00:00,0.17,80.0,79.83
2026-01-05 14:00:00,0.17,80.0,79.83
2026-01-05 15:00:00,0.17,80.0,79.83
2026-01-05 16:00:00,0.17,80.0,79.83
2026-01-05 17:00:00,0.17,80.0,79.83
2026-01-05 18:00:00,0.17,80.0,79.83
2026-01-05 19:00:00,0.17,80.0,79.83
2026-01-05 20:00:00,0.17,80.0,79.83
2026-01-05 21:00:00,0.17,80.0,79.83
2026-01-05 22:00:00,0.17,80.0,79.83
2026-01-05 23:00:00,0.17,80.0,79.83
2026-01-06 00:00:00,0.17,80.0,79.83
2026-01-06 01:00:00,0.17,80.0,79.83
2026-01-06 02:00:00,0.17,80.0,79.83
2026-01-06 03:00:00,0.17,80.0,79.83
2026-01-06 04:00:00,0.17,80.0,79.83
2026-01-06 05:00:00,0.17,80.0,79.83
2026-01-06 06:00:00,0.18,80.0,79.82
2026-01-06 07:00:00,0.18,80.0,79.82
2026-01-06 08:00:00,0.18,80.0,79.82
2026-01-06 09:00:00,0.18,80.0,79.82
2026-01-06 10:00:00,0.17,80.0,79.83
2026-01-06 11:00:00,0.17,80.0,79.83
2026-01-06 12:00:00,0.17,80.0,79.83
2026-01-06 13:00:00,0.17,80.0,79.83
2026-01-06 14:00:00,0.17,80.0,79.83
2026-01-06 15:00:00,0.16,80.0,79.84
2026-01-06 16:00:00,0.16,80.0,79.84
2026-01-06 17:00:00,0.16,80.0,79.84
2026-01-06 18:00:00,0.16,80.0,79.84
2026-01-06 19:00:00,0.16,80.0,79.84
2026-01-06 20:00:00,0.16,80.0,79.84
2026-01-06 21:00:00,0.16,80.0,79.84
2026-01-06 22:00:00,0.17,80.0,79.83
2026-01-06 23:00:00,0.17,80.0,79.83
2026-01-07 00:00:00,0.17,80.0,79.83
2026-01-07 01:00:00,0.17,80.0,79.83
2026-01-07 02:00:00,0.17,80.0,79.83
2026-01-07 03:00:00,0.17,80.0,79.83
2026-01-07 04:00:00,0.17,80.0,79.83
2026-01-07 05:00:00,0.17,80.0,79.83
2026-01-07 06:00:00,0.17,80.0,79.83
2026-01-07 07:00:00,0.17,80.0,79.83
2026-01-07 08:00:00,0.17,80.0,79.83
2026-01-07 09:00:00,0.17,80.0,79.83
2026-01-07 10:00:00,0.17,80.0,79.83
2026-01-07 11:00:00,0.17,80.0,79.83
2026-01-07 12:00:00,0.17,80.0,79.83
2026-01-07 13:00:00,0.17,80.0,79.83
2026-01-07 14:00:00,0.17,80.0,79.83
2026-01-07 15:00:00,0.17,80.0,79.83
2026-01-07 16:00:00,0.17,80.0,79.83
2026-01-07 17:00:00,0.17,80.0,79.83
2026-01-07 18:00:00,0.17,80.0,79.83
2026-01-07 19:00:00,0.17,80.0,79.83
2026-01-07 20:00:00,0.17,80.0,79.83
2026-01-07 21:00:00,0.17,80.0,79.83
2026-01-07 22:00:00,0.17,80.0,79.83
2026-01-07 23:00:00,0.17,80.0,79.83
2026-01-08 00:00:00,0.17,80.0,79.83
2026-01-08 01:00:00,0.17,80.0,79.83
2026-01-08 02:00:00,0.17,80.0,79.83
2026-01-08 03:00:00,0.17,80.0,79.83
2026-01-08 04:00:00,0.17,80.0,79.83
2026-01-08 05:00:00,0.17,80.0,79.83
2026-01-08 06:00:00,0.17,80.0,79.83
2026-01-08 07:00:00,0.17,80.0,79.83
2026-01-08 08:00:00,0.18,80.0,79.82
2026-01-08 09:00:00,0.17,80.0,79.83
2026-01-08 10:00:00,0.17,80.0,79.83
2026-01-08 11:00:00,0.17,80.0,79.83
2026-01-08 12:00:00,0.17,80.0,79.83
2026-01-08 13:00:00,0.17,80.0,79.83
2026-01-08 14:00:00,0.17,80.0,79.83
2026-01-08 15:00:00,0.17,80.0,79.83
2026-01-08 16:00:00,0.16,80.0,79.84
2026-01-08 17:00:00,0.16,80.0,79.84
2026-01-08 18:00:00,0.17,80.0,79.83
2026-01-08 19:00:00,0.17,80.0,79.83
2026-01-08 20:00:00,0.17,80.0,79.83
2026-01-08 21:00:00,0.17,80.0,79.83
2026-01-08 22:00:00,0.17,80.0,79.83
2026-01-08 23:00:00,0.17,80.0,79.83
2026-01-09 00:00:00,0.17,80.0,79.83
2026-01-09 01:00:00,0.17,80.0,79.83
2026-01-09 02:00:00,0.17,80.0,79.83
2026-01-09 03:00:00,0.17,80.0,79.83
2026-01-09 04:00:00,0.17,80.0,79.83
2026-01-09 05:00:00,0.17,80.0,79.83
2026-01-09 06:00:00,0.17,80.0,79.83
2026-01-09 07:00:00,0.17,80.0,79.83
2026-01-09 08:00:00,0.18,80.0,79.82
2026-01-09 09:00:00,0.18,80.0,79.82
2026-01-09 10:00:00,0.17,80.0,79.83
2026-01-09 11:00:00,0.17,80.0,79.83
2026-01-09 12:00:00,0.17,80.0,79.83
2026-01-09 13:00:00,0.17,80.0,79.83
2026-01-09 14:00:00,0.17,80.0,79.83
2026-01-09 15:00:00,0.16,80.0,79.84
2026-01-09 16:00:00,0.16,80.0,79.84
2026-01-09 17:00:00,0.16,80.0,79.84
2026-01-09 18:00:00,0.16,80.0,79.84
2026-01-09 19:00:00,0.17,80.0,79.83
2026-01-09 20:00:00,0.17,80.0,79.83
2026-01-09 21:00:00,0.17,80.0,79.83
2026-01-09 22:00:00,0.17,80.0,79.83
2026-01-09 23:00:00,0.17,80.0,79.83
2026-01-10 00:00:00,0.17,80.0,79.83
2026-01-10 01:00:00,0.17,80.0,79.83
2026-01-10 02:00:00,0.17,80.0,79.83
2026-01-10 03:00:00,0.17,80.0,79.83
2026-01-10 04:00:00,0.17,80.0,79.83
2026-01-10 05:00:00,0.17,80.0,79.83
2026-01-10 06:00:00,0.17,80.0,79.83
2026-01-10 07:00:00,0.18,80.0,79.82
2026-01-10 08:00:00,0.17,80.0,79.83
2026-01-10 09:00:00,0.17,80.0,79.83
2026-01-10 10:00:00,0.17,80.0,79.83
2026-01-10 11:00:00,0.18,80.0,79.82
2026-01-10 12:00:00,0.17,80.0,79.83
2026-01-10 13:00:00,0.17,80.0,79.83
2026-01-10 14:00:00,0.17,80.0,79.83
2026-01-10 15:00:00,0.17,80.0,79.83
2026-01-10 16:00:00,0.17,80.0,79.83
2026-01-10 17:00:00,0.17,80.0,79.83
2026-01-10 18:00:00,0.17,80.0,79.83
2026-01-10 19:00:00,0.17,80.0,79.83
2026-01-10 20:00:00,0.17,80.0,79.83
2026-01-10 21:00:00,0.17,80.0,79.83
2026-01-10 22:00:00,0.17,80.0,79.83
2026-01-10 23:00:00,0.17,80.0,79.83
2026-01-11 00:00:00,0.17,80.0,79.83
2026-01-11 01:00:00,0.17,80.0,79.83
2026-01-11 02:00:00,0.17,80.0,79.83
2026-01-11 03:00:00,0.17,80.0,79.83
2026-01-11 04:00:00,0.17,80.0,79.83
2026-01-11 05:00:00,0.18,80.0,79.82
2026-01-11 06:00:00,0.18,80.0,79.82
2026-01-11 07:00:00,0.18,80.0,79.82
2026-01-11 08:00:00,0.17,80.0,79.83
2026-01-11 09:00:00,0.18,80.0,79.82
2026-01-11 10:00:00,0.18,80.0,79.82
2026-01-11 11:00:00,0.19,80.0,79.81
2026-01-11 12:00:00,0.18,80.0,79.82
2026-01-11 13:00:00,0.18,80.0,79.82
2026-01-11 14:00:00,0.17,80.0,79.83
2026-01-11 15:00:00,0.17,80.0,79.83
2026-01-11 16:00:00,0.17,80.0,79.83
2026-01-11 17:00:00,0.17,80.0,79.83
2026-01-11 18:00:00,0.17,80.0,79.83
2026-01-11 19:00:00,0.17,80.0,79.83
2026-01-11 20:00:00,0.17,80.0,79.83
2026-01-11 21:00:00,0.17,80.0,79.83
2026-01-11 22:00:00,0.17,80.0,79.83
2026-01-11 23:00:00,0.17,80.0,79.83
2026-01-12 00:00:00,0.17,80.0,79.83
2026-01-12 01:00:00,0.17,80.0,79.83
2026-01-12 02:00:00,0.17,80.0,79.83
2026-01-12 03:00:00,0.17,80.0,79.83
2026-01-12 04:00:00,0.18,80.0,79.82
2026-01-12 05:00:00,0.18,80.0,79.82
2026-01-12 06:00:00,0.18,80.0,79.82
2026-01-12 07:00:00,0.18,80.0,79.82
2026-01-12 08:00:00,0.19,80.0,79.81
2026-01-12 09:00:00,0.18,80.0,79.82
2026-01-12 10:00:00,0.18,80.0,79.82
2026-01-12 11:00:00,0.18,80.0,79.82
2026-01-12 12:00:00,0.17,80.0,79.83
2026-01-12 13:00:00,0.17,80.0,79.83
2026-01-12 14:00:00,0.17,80.0,79.83
2026-01-12 15:00:00,0.17,80.0,79.83
2026-01-12 16:00:00,0.16,80.0,79.84
2026-01-12 17:00:00,0.17,80.0,79.83
2026-01-12 18:00:00,0.17,80.0,79.83
2026-01-12 19:00:00,0.17,80.0,79.83
2026-01-12 20:00:00,0.17,80.0,79.83
2026-01-12 21:00:00,0.17,80.0,79.83
2026-01-12 22:00:00,0.17,80.0,79.83
2026-01-12 23:00:00,0.17,80.0,79.83
2026-01-13 00:00:00,0.17,80.0,79.83
2026-01-13 01:00:00,0.17,80.0,79.83
2026-01-13 02:00:00,0.17,80.0,79.83
2026-01-13 03:00:00,0.18,80.0,79.82
2026-01-13 04:00:00,0.18,80.0,79.82
2026-01-13 05:00:00,0.18,80.0,79.82
2026-01-13 06:00:00,0.18,80.0,79.82
2026-01-13 07:00:00,0.18,80.0,79.82
2026-01-13 08:00:00,0.18,80.0,79.82
2026-01-13 09:00:00,0.18,80.0,79.82
2026-01-13 10:00:00,0.18,80.0,79.82
2026-01-13 11:00:00,0.18,80.0,79.82
2026-01-13 12:00:00,0.18,80.0,79.82
2026-01-13 13:00:00,0.17,80.0,79.83
2026-01-13 14:00:00,0.17,80.0,79.83
2026-01-13 15:00:00,0.17,80.0,79.83
2026-01-13 16:00:00,0.17,80.0,79.83
2026-01-13 17:00:00,0.17,80.0,79.83
2026-01-13 18:00:00,0.17,80.0,79.83
2026-01-13 19:00:00,0.17,80.0,79.83
2026-01-13 20:00:00,0.17,80.0,79.83
2026-01-13 21:00:00,0.17,80.0,79.83
2026-01-13 22:00:00,0.17,80.0,79.83
2026-01-13 23:00:00,0.17,80.0,79.83
2026-01-14 00:00:00,0.17,80.0,79.83
2026-01-14 01:00:00,0.17,80.0,79.83
2026-01-14 02:00:00,0.18,80.0,79.82
2026-01-14 03:00:00,0.18,80.0,79.82
2026-01-14 04:00:00,0.18,80.0,79.82
2026-01-14 05:00:00,0.18,80.0,79.82
2026-01-14 06:00:00,0.18,80.0,79.82
2026-01-14 07:00:00,0.18,80.0,79.82
2026-01-14 08:00:00,0.18,80.0,79.82
2026-01-14 09:00:00,0.18,80.0,79.82
2026-01-14 10:00:00,0.18,80.0,79.82
2026-01-14 11:00:00,0.18,80.0,79.82
2026-01-14 12:00:00,0.18,80.0,79.82
2026-01-14 13:00:00,0.17,80.0,79.83
2026-01-14 14:00:00,0.17,80.0,79.83
2026-01-14 15:00:00,0.17,80.0,79.83
2026-01-18 15:00:00,0.17,80.0,79.83
2026-01-18 16:00:00,0.17,80.0,79.83
2026-01-18 17:00:00,0.17,80.0,79.83
2026-01-18 18:00:00,0.17,80.0,79.83
2026-01-18 19:00:00,0.17,80.0,79.83
2026-01-18 20:00:00,0.17,80.0,79.83
2026-01-18 21:00:00,0.17,80.0,79.83
2026-01-18 22:00:00,0.17,80.0,79.83
2026-01-18 23:00:00,0.17,80.0,79.83
2026-01-19 00:00:00,0.17,80.0,79.83
2026-01-19 01:00:00,0.17,80.0,79.83
2026-01-19 02:00:00,0.17,80.0,79.83
2026-01-19 03:00:00,0.17,80.0,79.83
2026-01-19 04:00:00,0.17,80.0,79.83
2026-01-19 05:00:00,0.17,80.0,79.83
2026-01-19 06:00:00,0.18,80.0,79.82
2026-01-19 07:00:00,0.18,80.0,79.82
2026-01-19 08:00:00,0.18,80.0,79.82
2026-01-19 09:00:00,0.18,80.0,79.82
2026-01-19 10:00:00,0.18,80.0,79.82
2026-01-19 11:00:00,0.17,80.0,79.83
2026-01-19 12:00:00,0.18,80.0,79.82
2026-01-19 13:00:00,0.17,80.0,79.83
2026-01-19 14:00:00,0.17,80.0,79.83
2026-01-19 15:00:00,0.17,80.0,79.83
2026-01-19 16:00:00,0.16,80.0,79.84
2026-01-19 17:00:00,0.16,80.0,79.84
2026-01-19 18:00:00,0.16,80.0,79.84
2026-01-19 19:00:00,0.17,80.0,79.83
2026-01-19 20:00:00,0.17,80.0,79.83
2026-01-19 21:00:00,0.17,80.0,79.83
2026-01-19 22:00:00,0.17,80.0,79.83
2026-01-19 23:00:00,0.17,80.0,79.83
2026-01-20 00:00:00,0.17,80.0,79.83
2026-01-20 01:00:00,0.17,80.0,79.83
2026-01-20 02:00:00,0.17,80.0,79.83
2026-01-20 03:00:00,0.17,80.0,79.83
2026-01-20 04:00:00,0.17,80.0,79.83
2026-01-20 05:00:00,0.17,80.0,79.83
2026-01-20 06:00:00,0.17,80.0,79.83
2026-01-20 07:00:00,0.18,80.0,79.82
2026-01-20 08:00:00,0.18,80.0,79.82
2026-01-20 09:00:00,0.17,80.0,79.83
2026-01-20 10:00:00,0.17,80.0,79.83
2026-01-20 11:00:00,0.17,80.0,79.83
2026-01-20 12:00:00,0.17,80.0,79.83
2026-01-20 13:00:00,0.17,80.0,79.83
2026-01-20 14:00:00,0.17,80.0,79.83
2026-01-20 15:00:00,0.17,80.0,79.83
2026-01-20 16:00:00,0.16,80.0,79.84
2026-01-20 17:00:00,0.16,80.0,79.84
2026-01-20 18:00:00,0.16,80.0,79.84
2026-01-20 19:00:00,0.16,80.0,79.84
2026-01-20 20:00:00,0.16,80.0,79.84
2026-01-20 21:00:00,0.16,80.0,79.84
2026-01-20 22:00:00,0.17,80.0,79.83
2026-01-20 23:00:00,0.17,80.0,79.83
2026-01-21 00:00:00,0.17,80.0,79.83
2026-01-21 01:00:00,0.17,80.0,79.83
2026-01-21 02:00:00,0.17,80.0,79.83
2026-01-21 03:00:00,0.17,80.0,79.83
2026-01-21 04:00:00,0.17,80.0,79.83
2026-01-21 05:00:00,0.17,80.0,79.83
2026-01-21 06:00:00,0.17,80.0,79.83
2026-01-21 07:00:00,0.17,80.0,79.83
2026-01-21 08:00:00,0.17,80.0,79.83
2026-01-21 09:00:00,0.17,80.0,79.83
2026-01-21 10:00:00,0.17,80.0,79.83
2026-01-21 11:00:00,0.17,80.0,79.83
2026-01-21 12:00:00,0.17,80.0,79.83
2026-01-21 13:00:00,0.17,80.0,79.83
2026-01-21 14:00:00,0.17,80.0,79.83
2026-01-21 15:00:00,0.17,80.0,79.83
2026-01-21 16:00:00,0.17,80.0,79.83
2026-01-21 17:00:00,0.17,80.0,79.83
2026-01-21 18:00:00,0.16,80.0,79.84
2026-01-21 19:00:00,0.17,80.0,79.83
2026-01-21 20:00:00,0.17,80.0,79.83
2026-01-21 21:00:00,0.17,80.0,79.83
2026-01-21 22:00:00,0.17,80.0,79.83
2026-01-21 23:00:00,0.17,80.0,79.83
2026-01-22 00:00:00,0.17,80.0,79.83
2026-01-22 01:00:00,0.17,80.0,79.83
2026-01-22 02:00:00,0.17,80.0,79.83
2026-01-22 03:00:00,0.17,80.0,79.83
2026-01-22 04:00:00,0.17,80.0,79.83
2026-01-22 05:00:00,0.17,80.0,79.83
2026-01-22 06:00:00,0.17,80.0,79.83
2026-01-22 07:00:00,0.17,80.0,79.83
2026-01-22 08:00:00,0.18,80.0,79.82
2026-01-22 09:00:00,0.18,80.0,79.82
2026-01-22 10:00:00,0.18,80.0,79.82
2026-01-22 11:00:00,0.17,80.0,79.83
2026-01-22 12:00:00,0.17,80.0,79.83
2026-01-22 13:00:00,0.16,80.0,79.84
2026-01-22 14:00:00,0.16,80.0,79.84
2026-01-22 15:00:00,0.16,80.0,79.84
2026-01-22 16:00:00,0.16,80.0,79.84
2026-01-22 17:00:00,0.16,80.0,79.84
2026-01-22 18:00:00,0.16,80.0,79.84
2026-01-22 19:00:00,0.16,80.0,79.84
2026-01-22 20:00:00,0.16,80.0,79.84
2026-01-22 21:00:00,0.16,80.0,79.84
2026-01-22 22:00:00,0.16,80.0,79.84
2026-01-22 23:00:00,0.16,80.0,79.84
2026-01-23 00:00:00,0.17,80.0,79.83
2026-01-23 01:00:00,0.17,80.0,79.83
2026-01-23 02:00:00,0.17,80.0,79.83
2026-01-23 03:00:00,0.17,80.0,79.83
2026-01-23 04:00:00,0.17,80.0,79.83
2026-01-23 05:00:00,0.17,80.0,79.83
2026-01-23 06:00:00,0.17,80.0,79.83
2026-01-23 07:00:00,0.17,80.0,79.83
2026-01-23 08:00:00,0.17,80.0,79.83
2026-01-23 09:00:00,0.17,80.0,79.83
2026-01-23 10:00:00,0.17,80.0,79.83
2026-01-23 11:00:00,0.17,80.0,79.83
2026-01-23 12:00:00,0.16,80.0,79.84
2026-01-23 13:00:00,0.17,80.0,79.83
2026-01-23 14:00:00,0.17,80.0,79.83
2026-01-23 15:00:00,0.17,80.0,79.83
2026-01-23 16:00:00,0.17,80.0,79.83
2026-01-23 17:00:00,0.17,80.0,79.83
2026-01-23 18:00:00,0.17,80.0,79.83
2026-01-23 19:00:00,0.17,80.0,79.83
2026-01-23 20:00:00,0.17,80.0,79.83
2026-01-23 21:00:00,0.17,80.0,79.83
2026-01-23 22:00:00,0.17,80.0,79.83
2026-01-23 23:00:00,0.17,80.0,79.83
2026-01-24 00:00:00,0.17,80.0,79.83
2026-01-24 01:00:00,0.17,80.0,79.83
2026-01-24 02:00:00,0.17,80.0,79.83
2026-01-24 03:00:00,0.17,80.0,79.83
2026-01-24 04:00:00,0.17,80.0,79.83
2026-01-24 05:00:00,0.17,80.0,79.83
2026-01-24 06:00:00,0.17,80.0,79.83
2026-01-24 07:00:00,0.18,80.0,79.82
2026-01-24 08:00:00,0.17,80.0,79.83
2026-01-24 09:00:00,0.18,80.0,79.82
2026-01-24 10:00:00,0.18,80.0,79.82
2026-01-24 11:00:00,0.17,80.0,79.83
2026-01-24 12:00:00,0.18,80.0,79.82
2026-01-24 13:00:00,0.16,80.0,79.84
2026-01-24 14:00:00,-0.14,80.0,80.14
2026-01-24 15:00:00,-0.65,80.0,80.65
2026-01-24 16:00:00,-0.65,80.0,80.65
2026-01-24 17:00:00,-0.65,80.0,80.65
2026-01-24 18:00:00,-0.66,80.0,80.66
2026-01-24 19:00:00,-0.66,80.0,80.66
2026-01-24 20:00:00,-0.66,80.0,80.66
2026-01-24 21:00:00,-0.66,80.0,80.66
2026-01-24 22:00:00,-0.66,80.0,80.66
2026-01-24 23:00:00,-0.66,80.0,80.66
2026-01-25 00:00:00,-0.65,80.0,80.65
2026-01-25 01:00:00,-0.65,80.0,80.65
2026-01-25 02:00:00,-0.65,80.0,80.65
2026-01-25 03:00:00,-0.65,80.0,80.65
2026-01-25 04:00:00,-0.65,80.0,80.65
2026-01-25 05:00:00,-0.65,80.0,80.65
2026-01-25 06:00:00,-0.65,80.0,80.65
2026-01-25 07:00:00,-0.65,80.0,80.65
2026-01-25 08:00:00,-0.65,80.0,80.65
2026-01-25 09:00:00,-0.65,80.0,80.65
2026-01-25 10:00:00,-0.65,80.0,80.65
2026-01-25 11:00:00,-0.65,80.0,80.65
2026-01-25 12:00:00,-0.65,80.0,80.65
2026-01-25 13:00:00,-0.65,80.0,80.65
2026-01-25 14:00:00,-0.65,80.0,80.65
2026-01-25 15:00:00,-0.65,80.0,80.65
2026-01-25 16:00:00,-0.65,80.0,80.65
2026-01-25 17:00:00,-0.65,80.0,80.65
2026-01-25 18:00:00,-0.65,80.0,80.65
2026-01-25 19:00:00,-0.65,80.0,80.65
2026-01-25 20:00:00,-0.65,80.0,80.65
2026-01-25 21:00:00,-0.65,80.0,80.65
2026-01-25 22:00:00,-0.65,80.0,80.65
2026-01-25 23:00:00,-0.65,80.0,80.65
2026-01-26 00:00:00,-0.65,80.0,80.65
2026-01-26 01:00:00,-0.65,80.0,80.65
2026-01-26 02:00:00,-0.65,80.0,80.65
2026-01-26 03:00:00,-0.65,80.0,80.65
2026-01-26 04:00:00,-0.65,80.0,80.65
2026-01-26 05:00:00,-0.65,80.0,80.65
2026-01-26 06:00:00,-0.65,80.0,80.65
2026-01-26 07:00:00,-0.64,80.0,80.64
2026-01-26 08:00:00,-0.64,80.0,80.64
2026-01-26 09:00:00,-0.64,80.0,80.64
2026-01-26 15:00:00,0.44,80.0,79.56
2026-01-26 16:00:00,0.44,80.0,79.56
2026-01-28 16:00:00,-46.25,80.0,126.25
2026-01-28 17:00:00,-3.96,80.0,83.96
2026-01-28 18:00:00,8.98,80.0,71.02
2026-01-28 19:00:00,8.14,80.0,71.86
2026-01-29 11:00:00,5.39,80.0,74.61
2026-01-29 17:00:00,5.34,80.0,74.66
2026-01-29 19:00:00,5.37,80.0,74.63
2026-01-29 21:00:00,5.4,80.0,74.6
2026-01-29 22:00:00,5.42,80.0,74.58
2026-01-29 23:00:00,5.44,80.0,74.56
2026-01-30 00:00:00,5.44,80.0,74.56
2026-01-30 01:00:00,5.46,80.0,74.54
2026-01-30 02:00:00,5.47,80.0,74.53
2026-01-30 03:00:00,5.48,80.0,74.52
2026-01-30 04:00:00,5.5,80.0,74.5
2026-01-30 05:00:00,5.53,80.0,74.47
2026-01-30 06:00:00,5.56,80.0,74.44
2026-01-30 07:00:00,5.58,80.0,74.42
2026-01-30 08:00:00,5.62,80.0,74.38
2026-01-30 09:00:00,5.63,80.0,74.37
2026-01-30 10:00:00,5.67,80.0,74.33
2026-01-30 11:00:00,5.69,80.0,74.31
2026-01-30 12:00:00,5.72,80.0,74.28
2026-01-30 13:00:00,5.73,80.0,74.27
2026-01-30 14:00:00,5.75,80.0,74.25
2026-01-30 15:00:00,5.78,80.0,74.22
2026-01-30 16:00:00,5.81,80.0,74.19
2026-01-30 17:00:00,5.84,80.0,74.16
2026-01-30 18:00:00,5.88,80.0,74.12
2026-01-30 19:00:00,5.91,80.0,74.09
2026-01-30 20:00:00,5.95,80.0,74.05
2026-01-30 21:00:00,6.01,80.0,73.99
2026-01-30 22:00:00,6.02,80.0,73.98
2026-01-30 23:00:00,6.05,80.0,73.95
2026-01-31 00:00:00,6.08,80.0,73.92
2026-01-31 01:00:00,6.1,80.0,73.9
2026-01-31 02:00:00,6.12,80.0,73.88
2026-01-31 03:00:00,4.97,80.0,75.03
2026-01-31 04:00:00,4.77,80.0,75.23
2026-01-31 05:00:00,4.68,80.0,75.32
2026-01-31 06:00:00,4.71,80.0,75.29
2026-01-31 07:00:00,4.77,80.0,75.23
2026-01-31 08:00:00,4.77,80.0,75.23
2026-01-31 09:00:00,4.79,80.0,75.21
2026-01-31 10:00:00,4.8,80.0,75.2
2026-01-31 11:00:00,4.81,80.0,75.19
2026-01-31 12:00:00,4.81,80.0,75.19
2026-01-31 13:00:00,4.81,80.0,75.19
2026-01-31 14:00:00,4.81,80.0,75.19
2026-01-31 15:00:00,4.81,80.0,75.19
2026-01-31 16:00:00,4.82,80.0,75.18
2026-01-31 17:00:00,4.83,80.0,75.17
2026-01-31 18:00:00,4.86,80.0,75.14
2026-01-31 19:00:00,4.89,80.0,75.11
2026-01-31 20:00:00,4.92,80.0,75.08
2026-01-31 22:00:00,4.97,80.0,75.03
2026-01-31 23:00:00,5.0,80.0,75.0
2026-02-01 00:00:00,5.01,80.0,74.99
2026-02-01 01:00:00,5.03,80.0,74.97
2026-02-01 02:00:00,5.06,80.0,74.94
2026-02-01 03:00:00,5.08,80.0,74.92
2026-02-01 04:00:00,5.09,80.0,74.91
2026-02-01 05:00:00,5.14,80.0,74.86
2026-02-01 06:00:00,5.04,80.0,74.96
2026-02-01 08:00:00,4.4,80.0,75.6
2026-02-01 09:00:00,4.29,80.0,75.71
2026-02-01 10:00:00,4.34,80.0,75.66
2026-02-01 11:00:00,4.36,80.0,75.64
2026-02-01 12:00:00,4.37,80.0,75.63
2026-02-01 13:00:00,4.36,80.0,75.64
2026-02-01 14:00:00,4.38,80.0,75.62
2026-02-01 15:00:00,4.39,80.0,75.61
2026-02-01 16:00:00,4.41,80.0,75.59
2026-02-01 17:00:00,4.43,80.0,75.57
2026-02-01 18:00:00,4.47,80.0,75.53
2026-02-01 19:00:00,4.48,80.0,75.52
2026-02-01 20:00:00,4.5,80.0,75.5
2026-02-01 21:00:00,4.54,80.0,75.46
2026-02-01 22:00:00,4.55,80.0,75.45
2026-02-01 23:00:00,4.57,80.0,75.43
2026-02-02 00:00:00,4.58,80.0,75.42
2026-02-02 01:00:00,4.6,80.0,75.4
2026-02-02 02:00:00,4.61,80.0,75.39
2026-02-02 03:00:00,4.63,80.0,75.37
2026-02-02 04:00:00,4.65,80.0,75.35
2026-02-02 05:00:00,4.68,80.0,75.32
2026-02-02 06:00:00,4.71,80.0,75.29
2026-02-02 07:00:00,4.74,80.0,75.26
2026-02-02 08:00:00,4.77,80.0,75.23
2026-02-02 09:00:00,4.81,80.0,75.19
2026-02-02 10:00:00,4.84,80.0,75.16
2026-02-02 11:00:00,4.87,80.0,75.13
2026-02-02 12:00:00,4.91,80.0,75.09
2026-02-02 13:00:00,4.92,80.0,75.08
2026-02-02 14:00:00,4.95,80.0,75.05
2026-02-02 15:00:00,4.98,80.0,75.02
2026-02-02 16:00:00,5.0,80.0,75.0
2026-02-02 17:00:00,5.04,80.0,74.96
2026-02-02 18:00:00,5.08,80.0,74.92
2026-02-02 19:00:00,5.12,80.0,74.88
2026-02-02 20:00:00,5.17,80.0,74.83
2026-02-02 21:00:00,5.21,80.0,74.79
2026-02-02 22:00:00,5.25,80.0,74.75
2026-02-02 23:00:00,5.28,80.0,74.72
2026-02-03 00:00:00,5.31,80.0,74.69
2026-02-03 01:00:00,5.34,80.0,74.66
2026-02-03 02:00:00,5.36,80.0,74.64
2026-02-03 03:00:00,5.38,80.0,74.62
2026-02-03 04:00:00,5.4,80.0,74.6
2026-02-03 05:00:00,5.44,80.0,74.56
2026-02-03 06:00:00,5.47,80.0,74.53
2026-02-03 07:00:00,5.5,80.0,74.5
2026-02-03 08:00:00,5.55,80.0,74.45
2026-02-03 09:00:00,5.58,80.0,74.42
2026-02-03 10:00:00,5.62,80.0,74.38
2026-02-03 11:00:00,5.64,80.0,74.36
2026-02-03 12:00:00,5.68,80.0,74.32
2026-02-03 13:00:00,5.6,80.0,74.4
2026-02-03 14:00:00,5.51,80.0,74.49
2026-02-03 15:00:00,5.54,80.0,74.46
2026-02-03 16:00:00,5.57,80.0,74.43
2026-02-03 17:00:00,5.58,80.0,74.42
2026-02-03 18:00:00,5.6,80.0,74.4
2026-02-03 19:00:00,5.63,80.0,74.37
2026-02-03 20:00:00,5.65,80.0,74.35
2026-02-03 21:00:00,5.68,80.0,74.32
2026-02-03 22:00:00,5.71,80.0,74.29
2026-02-03 23:00:00,5.73,80.0,74.27
2026-02-04 00:00:00,5.75,80.0,74.25
2026-02-04 01:00:00,5.77,80.0,74.23
2026-02-04 02:00:00,5.78,80.0,74.22
2026-02-04 03:00:00,5.79,80.0,74.21
2026-02-04 04:00:00,5.81,80.0,74.19
2026-02-04 05:00:00,5.81,80.0,74.19
2026-02-04 06:00:00,5.84,80.0,74.16
2026-02-04 07:00:00,5.87,80.0,74.13
2026-02-04 08:00:00,5.89,80.0,74.11
2026-02-04 09:00:00,5.91,80.0,74.09
2026-02-04 10:00:00,5.93,80.0,74.07
2026-02-04 11:00:00,5.95,80.0,74.05
2026-02-04 12:00:00,5.97,80.0,74.03
2026-02-04 13:00:00,5.99,80.0,74.01
2026-02-04 14:00:00,6.0,80.0,74.0
2026-02-04 15:00:00,6.02,80.0,73.98
2026-02-04 16:00:00,6.04,80.0,73.96
2026-02-04 17:00:00,6.07,80.0,73.93
2026-02-04 18:00:00,6.09,80.0,73.91
2026-02-04 19:00:00,6.13,80.0,73.87
2026-02-04 20:00:00,6.15,80.0,73.85
2026-02-04 21:00:00,6.18,80.0,73.82
2026-02-04 22:00:00,6.21,80.0,73.79
2026-02-04 23:00:00,6.24,80.0,73.76
2026-02-05 00:00:00,6.26,80.0,73.74
2026-02-05 01:00:00,6.28,80.0,73.72
2026-02-05 02:00:00,6.31,80.0,73.69
2026-02-05 03:00:00,6.33,80.0,73.67
2026-02-05 04:00:00,6.35,80.0,73.65
2026-02-05 05:00:00,6.37,80.0,73.63
2026-02-05 06:00:00,6.4,80.0,73.6
2026-02-05 07:00:00,6.43,80.0,73.57
2026-02-05 08:00:00,6.45,80.0,73.55
2026-02-05 09:00:00,6.48,80.0,73.52
2026-02-05 10:00:00,6.42,80.0,73.58
2026-02-05 11:00:00,6.21,80.0,73.79
2026-02-05 12:00:00,6.21,80.0,73.79
2026-02-05 13:00:00,6.24,80.0,73.76
2026-02-05 14:00:00,6.26,80.0,73.74
2026-02-05 15:00:00,6.28,80.0,73.72
2026-02-05 16:00:00,6.29,80.0,73.71
2026-02-05 17:00:00,6.31,80.0,73.69
2026-02-05 18:00:00,6.33,80.0,73.67
2026-02-05 19:00:00,6.35,80.0,73.65
2026-02-05 20:00:00,6.37,80.0,73.63
2026-02-05 21:00:00,6.39,80.0,73.61
2026-02-05 22:00:00,6.41,80.0,73.59
2026-02-05 23:00:00,6.43,80.0,73.57
2026-02-06 00:00:00,6.44,80.0,73.56
2026-02-06 01:00:00,6.45,80.0,73.55
2026-02-06 02:00:00,6.46,80.0,73.54
2026-02-06 03:00:00,6.48,80.0,73.52
2026-02-06 04:00:00,6.49,80.0,73.51
2026-02-06 05:00:00,6.5,80.0,73.5
2026-02-06 06:00:00,6.52,80.0,73.48
2026-02-06 07:00:00,6.54,80.0,73.46
2026-02-06 08:00:00,6.56,80.0,73.44
2026-02-06 09:00:00,6.57,80.0,73.43
2026-02-06 10:00:00,6.59,80.0,73.41
2026-02-06 11:00:00,6.62,80.0,73.38
2026-02-06 12:00:00,6.63,80.0,73.37
2026-02-06 13:00:00,6.63,80.0,73.37
2026-02-06 14:00:00,6.65,80.0,73.35
2026-02-06 15:00:00,6.66,80.0,73.34
2026-02-06 16:00:00,6.68,80.0,73.32
2026-02-06 17:00:00,6.69,80.0,73.31
2026-02-07 01:00:00,6.88,80.0,73.12
2026-02-07 02:00:00,6.9,80.0,73.1
2026-02-07 03:00:00,6.92,80.0,73.08
2026-02-07 04:00:00,6.93,80.0,73.07
2026-02-07 05:00:00,6.96,80.0,73.04
2026-02-07 09:00:00,7.04,80.0,72.96
2026-02-07 10:00:00,7.05,80.0,72.95
2026-02-07 11:00:00,7.07,80.0,72.93
2026-02-07 12:00:00,7.08,80.0,72.92
2026-02-07 13:00:00,7.1,80.0,72.9
2026-02-07 14:00:00,7.11,80.0,72.89
2026-02-07 15:00:00,7.13,80.0,72.87
2026-02-07 18:00:00,7.18,80.0,72.82
2026-02-07 20:00:00,7.24,80.0,72.76
2026-02-07 21:00:00,7.25,80.0,72.75
2026-02-07 22:00:00,7.24,80.0,72.76
2026-02-08 00:00:00,7.27,80.0,72.73
2026-02-08 01:00:00,7.29,80.0,72.71
2026-02-08 03:00:00,7.31,80.0,72.69
2026-02-08 04:00:00,7.29,80.0,72.71
2026-02-08 05:00:00,7.23,80.0,72.77
2026-02-08 06:00:00,7.16,80.0,72.84
2026-02-08 07:00:00,7.16,80.0,72.84
2026-02-08 08:00:00,7.15,80.0,72.85
2026-02-08 09:00:00,7.15,80.0,72.85
2026-02-08 10:00:00,7.15,80.0,72.85
2026-02-08 11:00:00,7.15,80.0,72.85
2026-02-08 12:00:00,7.13,80.0,72.87
2026-02-08 14:00:00,7.13,80.0,72.87
2026-02-08 15:00:00,7.12,80.0,72.88
2026-02-08 16:00:00,7.12,80.0,72.88
2026-02-08 17:00:00,7.13,80.0,72.87
2026-02-08 22:00:00,7.2,80.0,72.8
2026-02-08 23:00:00,7.21,80.0,72.79
2026-02-09 00:00:00,7.21,80.0,72.79
2026-02-09 01:00:00,7.21,80.0,72.79
2026-02-09 02:00:00,7.22,80.0,72.78
2026-02-09 03:00:00,7.23,80.0,72.77
2026-02-09 04:00:00,7.24,80.0,72.76
2026-02-09 05:00:00,7.25,80.0,72.75
2026-02-09 06:00:00,7.26,80.0,72.74
2026-02-09 07:00:00,7.28,80.0,72.72
2026-02-09 08:00:00,7.29,80.0,72.71
2026-02-09 09:00:00,7.3,80.0,72.7
2026-02-09 10:00:00,7.31,80.0,72.69
2026-02-09 11:00:00,7.32,80.0,72.68
2026-02-09 12:00:00,7.32,80.0,72.68
2026-02-09 13:00:00,7.33,80.0,72.67
2026-02-09 14:00:00,7.34,80.0,72.66
2026-02-09 15:00:00,7.35,80.0,72.65
2026-02-09 16:00:00,7.35,80.0,72.65
2026-02-09 23:00:00,7.46,80.0,72.54
2026-02-10 07:00:00,7.54,80.0,72.46
2026-02-10 08:00:00,7.55,80.0,72.45
2026-02-10 09:00:00,7.57,80.0,72.43
2026-02-10 10:00:00,7.58,80.0,72.42
2026-02-10 11:00:00,7.59,80.0,72.41
2026-02-10 13:00:00,7.51,80.0,72.49
2026-02-10 14:00:00,7.48,80.0,72.52
2026-02-10 15:00:00,7.44,80.0,72.56
2026-02-10 16:00:00,7.43,80.0,72.57
2026-02-10 17:00:00,7.43,80.0,72.57
2026-02-10 18:00:00,7.43,80.0,72.57
2026-02-10 19:00:00,7.44,80.0,72.56
2026-02-10 20:00:00,7.44,80.0,72.56
2026-02-10 21:00:00,7.45,80.0,72.55
2026-02-10 22:00:00,7.46,80.0,72.54
2026-02-10 23:00:00,7.46,80.0,72.54
2026-02-11 00:00:00,7.46,80.0,72.54
2026-02-11 01:00:00,7.46,80.0,72.54
2026-02-11 02:00:00,7.46,80.0,72.54
2026-02-11 03:00:00,7.46,80.0,72.54
2026-02-11 04:00:00,7.47,80.0,72.53
2026-02-11 05:00:00,7.48,80.0,72.52
2026-02-11 06:00:00,7.49,80.0,72.51
2026-02-11 08:00:00,7.52,80.0,72.48
2026-02-11 09:00:00,7.53,80.0,72.47
2026-02-11 10:00:00,7.53,80.0,72.47
2026-02-11 11:00:00,7.53,80.0,72.47
2026-02-11 12:00:00,7.53,80.0,72.47
2026-02-11 13:00:00,7.54,80.0,72.46
2026-02-11 14:00:00,7.54,80.0,72.46
2026-02-11 15:00:00,7.54,80.0,72.46
2026-02-11 16:00:00,7.55,80.0,72.45
2026-02-11 17:00:00,7.55,80.0,72.45
2026-02-11 18:00:00,7.57,80.0,72.43
2026-02-11 19:00:00,7.58,80.0,72.42
2026-02-11 20:00:00,7.6,80.0,72.4
2026-02-11 23:00:00,7.63,80.0,72.37
2026-02-12 00:00:00,7.63,80.0,72.37
2026-02-12 01:00:00,7.64,80.0,72.36
2026-02-12 02:00:00,7.64,80.0,72.36
2026-02-12 03:00:00,7.65,80.0,72.35
2026-02-12 04:00:00,7.65,80.0,72.35
2026-02-12 07:00:00,7.69,80.0,72.31
2026-02-12 08:00:00,7.71,80.0,72.29
2026-02-12 09:00:00,7.72,80.0,72.28
2026-02-12 10:00:00,7.73,80.0,72.27
2026-02-12 11:00:00,7.73,80.0,72.27
2026-02-12 12:00:00,7.74,80.0,72.26
2026-02-12 13:00:00,7.75,80.0,72.25
2026-02-12 14:00:00,7.75,80.0,72.25
2026-02-12 15:00:00,7.76,80.0,72.24
2026-02-12 16:00:00,7.77,80.0,72.23
2026-02-12 17:00:00,7.78,80.0,72.22
2026-02-12 18:00:00,7.8,80.0,72.2
2026-02-12 19:00:00,7.81,80.0,72.19
2026-02-13 02:00:00,7.82,80.0,72.18
2026-02-13 03:00:00,7.82,80.0,72.18
2026-02-13 04:00:00,7.82,80.0,72.18
2026-02-13 07:00:00,7.86,80.0,72.14
2026-02-13 08:00:00,7.87,80.0,72.13
2026-02-13 09:00:00,7.88,80.0,72.12
2026-02-13 10:00:00,7.89,80.0,72.11
2026-02-13 11:00:00,7.89,80.0,72.11
2026-02-13 12:00:00,7.89,80.0,72.11
2026-02-13 13:00:00,7.9,80.0,72.1
2026-02-13 14:00:00,7.9,80.0,72.1
2026-02-13 15:00:00,7.9,80.0,72.1
2026-02-13 16:00:00,7.9,80.0,72.1
2026-02-13 17:00:00,7.91,80.0,72.09
2026-02-13 18:00:00,7.92,80.0,72.08
2026-02-13 19:00:00,7.93,80.0,72.07
2026-02-13 20:00:00,7.95,80.0,72.05
2026-02-13 21:00:00,7.96,80.0,72.04
2026-02-13 22:00:00,7.97,80.0,72.03
2026-02-13 23:00:00,7.98,80.0,72.02
2026-02-14 00:00:00,7.98,80.0,72.02
2026-02-14 01:00:00,7.98,80.0,72.02
2026-02-14 02:00:00,7.98,80.0,72.02
2026-02-14 03:00:00,7.98,80.0,72.02
2026-02-14 04:00:00,7.99,80.0,72.01
2026-02-14 05:00:00,7.99,80.0,72.01
2026-02-14 07:00:00,8.03,80.0,71.97
2026-02-14 08:00:00,8.04,80.0,71.96000000000001
2026-02-14 09:00:00,8.05,80.0,71.95
2026-02-14 10:00:00,8.06,80.0,71.94
2026-02-14 11:00:00,8.07,80.0,71.93
2026-02-14 12:00:00,8.07,80.0,71.93
2026-02-14 13:00:00,8.07,80.0,71.93
2026-02-14 14:00:00,8.07,80.0,71.93
2026-02-14 16:00:00,8.07,80.0,71.93
2026-02-14 17:00:00,8.08,80.0,71.92
2026-02-14 18:00:00,8.1,80.0,71.9
2026-02-14 19:00:00,8.11,80.0,71.89
2026-02-14 20:00:00,8.13,80.0,71.87
2026-02-14 21:00:00,8.14,80.0,71.86
2026-02-14 22:00:00,8.15,80.0,71.85
2026-02-14 23:00:00,8.16,80.0,71.84
2026-02-15 00:00:00,8.16,80.0,71.84
2026-02-15 01:00:00,8.16,80.0,71.84
2026-02-15 08:00:00,8.22,80.0,71.78
2026-02-15 09:00:00,8.23,80.0,71.77
2026-02-15 10:00:00,8.24,80.0,71.76
2026-02-15 11:00:00,8.25,80.0,71.75
2026-02-15 12:00:00,8.25,80.0,71.75
2026-02-15 13:00:00,8.25,80.0,71.75
2026-02-15 14:00:00,8.25,80.0,71.75
2026-02-15 15:00:00,8.25,80.0,71.75
2026-02-15 16:00:00,8.25,80.0,71.75
2026-02-15 17:00:00,8.25,80.0,71.75
2026-02-15 18:00:00,8.27,80.0,71.73
2026-02-15 19:00:00,8.28,80.0,71.72
2026-02-15 20:00:00,8.29,80.0,71.71000000000001
2026-02-15 21:00:00,8.31,80.0,71.69
2026-02-15 22:00:00,8.31,80.0,71.69
2026-02-16 00:00:00,8.33,80.0,71.67
2026-02-16 04:00:00,8.34,80.0,71.66
2026-02-16 05:00:00,8.35,80.0,71.65
2026-02-16 06:00:00,8.36,80.0,71.64
2026-02-16 07:00:00,8.37,80.0,71.63
2026-02-16 08:00:00,8.38,80.0,71.62
2026-02-16 09:00:00,8.39,80.0,71.61
2026-02-16 10:00:00,8.4,80.0,71.6
2026-02-16 11:00:00,8.41,80.0,71.59
2026-02-16 12:00:00,8.41,80.0,71.59
2026-02-16 13:00:00,8.41,80.0,71.59
2026-02-16 14:00:00,8.41,80.0,71.59
2026-02-16 15:00:00,8.41,80.0,71.59
2026-02-16 16:00:00,8.42,80.0,71.58
2026-02-16 18:00:00,8.44,80.0,71.56
2026-02-16 20:00:00,8.44,80.0,71.56
2026-02-16 21:00:00,8.38,80.0,71.62
2026-02-16 22:00:00,8.35,80.0,71.65
2026-02-16 23:00:00,8.34,80.0,71.66
2026-02-17 00:00:00,8.34,80.0,71.66
2026-02-17 01:00:00,8.33,80.0,71.67
2026-02-17 02:00:00,8.32,80.0,71.68
2026-02-17 03:00:00,8.31,80.0,71.69
2026-02-17 04:00:00,8.3,80.0,71.7
2026-02-17 05:00:00,8.28,80.0,71.72
2026-02-17 06:00:00,8.27,80.0,71.73
2026-02-17 07:00:00,8.27,80.0,71.73
2026-02-17 08:00:00,8.28,80.0,71.72
2026-02-17 09:00:00,8.28,80.0,71.72
2026-02-17 10:00:00,8.28,80.0,71.72
2026-02-17 11:00:00,8.29,80.0,71.71000000000001
2026-02-17 12:00:00,8.29,80.0,71.71000000000001
2026-02-17 13:00:00,8.29,80.0,71.71000000000001
2026-02-17 14:00:00,8.29,80.0,71.71000000000001
2026-02-17 15:00:00,8.28,80.0,71.72
2026-02-17 16:00:00,8.28,80.0,71.72
2026-02-17 17:00:00,8.28,80.0,71.72
2026-02-17 18:00:00,8.29,80.0,71.71000000000001
2026-02-17 19:00:00,8.31,80.0,71.69
2026-02-17 20:00:00,8.32,80.0,71.68
2026-02-17 21:00:00,8.33,80.0,71.67
2026-02-17 22:00:00,8.34,80.0,71.66
2026-02-17 23:00:00,8.34,80.0,71.66
2026-02-18 00:00:00,8.34,80.0,71.66
2026-02-18 03:00:00,8.22,80.0,71.78
2026-02-18 04:00:00,8.2,80.0,71.8
2026-02-18 05:00:00,8.19,80.0,71.81
2026-02-18 06:00:00,8.19,80.0,71.81
2026-02-18 07:00:00,8.19,80.0,71.81
2026-02-18 08:00:00,8.19,80.0,71.81
2026-02-18 09:00:00,8.19,80.0,71.81
2026-02-18 10:00:00,8.19,80.0,71.81
2026-02-18 11:00:00,8.19,80.0,71.81
2026-02-18 12:00:00,8.19,80.0,71.81
2026-02-18 13:00:00,8.19,80.0,71.81
2026-02-18 14:00:00,8.18,80.0,71.82
2026-02-18 15:00:00,8.18,80.0,71.82
2026-02-18 16:00:00,8.18,80.0,71.82
2026-02-18 17:00:00,8.18,80.0,71.82
2026-02-18 21:00:00,8.2,80.0,71.8
2026-02-18 22:00:00,8.22,80.0,71.78
2026-02-18 23:00:00,8.22,80.0,71.78
2026-02-19 05:00:00,8.25,80.0,71.75
2026-02-19 08:00:00,8.27,80.0,71.73
2026-02-19 09:00:00,8.28,80.0,71.72
2026-02-19 10:00:00,8.28,80.0,71.72
2026-02-19 11:00:00,8.29,80.0,71.71000000000001
2026-02-19 12:00:00,8.3,80.0,71.7
2026-02-19 13:00:00,8.3,80.0,71.7
2026-02-19 14:00:00,8.3,80.0,71.7
2026-02-19 15:00:00,8.3,80.0,71.7
2026-02-19 16:00:00,8.31,80.0,71.69
2026-02-19 17:00:00,8.31,80.0,71.69
2026-02-19 18:00:00,8.32,80.0,71.68
2026-02-19 19:00:00,8.33,80.0,71.67
2026-02-19 20:00:00,8.34,80.0,71.66
2026-02-19 21:00:00,8.34,80.0,71.66
2026-02-19 23:00:00,8.37,80.0,71.63
2026-02-20 00:00:00,8.36,80.0,71.64
2026-02-20 01:00:00,8.32,80.0,71.68
2026-02-20 02:00:00,8.24,80.0,71.76
2026-02-20 03:00:00,8.12,80.0,71.88
2026-02-20 04:00:00,8.02,80.0,71.98
2026-02-20 05:00:00,7.88,80.0,72.12
2026-02-20 06:00:00,7.8,80.0,72.2
2026-02-20 07:00:00,7.74,80.0,72.26
2026-02-20 08:00:00,7.71,80.0,72.29
2026-02-20 09:00:00,7.68,80.0,72.32
2026-02-20 10:00:00,7.65,80.0,72.35
2026-02-20 11:00:00,7.62,80.0,72.38
2026-02-20 12:00:00,7.59,80.0,72.41
2026-02-20 13:00:00,7.56,80.0,72.44
2026-02-20 14:00:00,7.54,80.0,72.46
2026-02-20 15:00:00,7.51,80.0,72.49
2026-02-20 16:00:00,7.5,80.0,72.5
2026-02-20 17:00:00,7.49,80.0,72.51
2026-02-20 18:00:00,7.48,80.0,72.52
2026-02-20 19:00:00,7.47,80.0,72.53
2026-02-20 20:00:00,7.47,80.0,72.53
2026-02-20 21:00:00,7.47,80.0,72.53
2026-02-20 22:00:00,7.47,80.0,72.53
2026-02-20 23:00:00,7.48,80.0,72.52
2026-02-21 00:00:00,7.48,80.0,72.52
2026-02-21 01:00:00,7.48,80.0,72.52
2026-02-21 02:00:00,7.48,80.0,72.52
2026-02-21 04:00:00,7.48,80.0,72.52
2026-02-21 05:00:00,7.48,80.0,72.52
2026-02-21 06:00:00,7.5,80.0,72.5
2026-02-21 07:00:00,7.5,80.0,72.5
2026-02-21 08:00:00,7.51,80.0,72.49
2026-02-21 09:00:00,7.52,80.0,72.48
2026-02-21 10:00:00,7.53,80.0,72.47
2026-02-21 11:00:00,7.54,80.0,72.46
2026-02-21 12:00:00,7.55,80.0,72.45
2026-02-21 13:00:00,7.56,80.0,72.44
2026-02-21 14:00:00,7.57,80.0,72.43
2026-02-21 15:00:00,7.58,80.0,72.42
2026-02-21 16:00:00,7.58,80.0,72.42
2026-02-21 17:00:00,7.59,80.0,72.41
2026-02-21 18:00:00,7.6,80.0,72.4
2026-02-21 19:00:00,7.61,80.0,72.39
2026-02-21 20:00:00,7.62,80.0,72.38
2026-02-21 21:00:00,7.64,80.0,72.36
2026-02-21 22:00:00,7.66,80.0,72.34
2026-02-21 23:00:00,7.66,80.0,72.34
2026-02-22 02:00:00,7.66,80.0,72.34
2026-02-22 03:00:00,7.67,80.0,72.33
2026-02-22 08:00:00,7.71,80.0,72.29
2026-02-22 09:00:00,7.71,80.0,72.29
2026-02-22 10:00:00,7.72,80.0,72.28
2026-02-22 11:00:00,7.73,80.0,72.27
2026-02-22 12:00:00,7.74,80.0,72.26
2026-02-22 13:00:00,7.74,80.0,72.26
2026-02-22 14:00:00,7.75,80.0,72.25
2026-02-22 15:00:00,7.76,80.0,72.24
2026-02-22 16:00:00,7.77,80.0,72.23
2026-02-22 17:00:00,7.77,80.0,72.23
2026-02-22 20:00:00,7.82,80.0,72.18
2026-02-22 21:00:00,7.83,80.0,72.17
2026-02-22 22:00:00,7.84,80.0,72.16
2026-02-22 23:00:00,7.81,80.0,72.19
2026-02-23 06:00:00,7.82,80.0,72.18
2026-02-23 07:00:00,7.83,80.0,72.17
2026-02-23 08:00:00,7.84,80.0,72.16
2026-02-23 09:00:00,7.86,80.0,72.14
2026-02-23 10:00:00,7.87,80.0,72.13
2026-02-23 11:00:00,7.87,80.0,72.13
2026-02-23 12:00:00,7.88,80.0,72.12
2026-02-23 13:00:00,7.88,80.0,72.12
2026-02-23 14:00:00,7.88,80.0,72.12
2026-02-23 15:00:00,7.88,80.0,72.12
2026-02-23 16:00:00,7.89,80.0,72.11
2026-02-23 17:00:00,7.89,80.0,72.11
2026-02-23 18:00:00,7.91,80.0,72.09
2026-02-23 19:00:00,7.92,80.0,72.08
2026-02-23 20:00:00,7.92,80.0,72.08
2026-02-23 22:00:00,7.94,80.0,72.06
2026-02-23 23:00:00,7.95,80.0,72.05
2026-02-24 00:00:00,7.95,80.0,72.05
2026-02-24 01:00:00,7.89,80.0,72.11
2026-02-24 02:00:00,7.84,80.0,72.16
2026-02-24 03:00:00,7.75,80.0,72.25
2026-02-24 04:00:00,7.7,80.0,72.3
2026-02-24 05:00:00,7.65,80.0,72.35
2026-02-24 06:00:00,7.63,80.0,72.37
2026-02-24 07:00:00,7.62,80.0,72.38
2026-02-24 08:00:00,7.61,80.0,72.39
2026-02-24 09:00:00,7.59,80.0,72.41
2026-02-24 10:00:00,7.58,80.0,72.42
2026-02-24 11:00:00,7.57,80.0,72.43
2026-02-24 12:00:00,7.56,80.0,72.44
2026-02-24 13:00:00,7.54,80.0,72.46
2026-02-24 14:00:00,7.54,80.0,72.46
2026-02-24 19:00:00,7.53,80.0,72.47
2026-02-24 20:00:00,7.53,80.0,72.47
2026-02-24 21:00:00,7.53,80.0,72.47
2026-02-24 22:00:00,7.54,80.0,72.46
2026-02-24 23:00:00,7.54,80.0,72.46
2026-02-25 00:00:00,7.54,80.0,72.46
2026-02-25 01:00:00,7.54,80.0,72.46
2026-02-25 02:00:00,7.54,80.0,72.46
2026-02-25 03:00:00,7.54,80.0,72.46
2026-02-25 04:00:00,7.55,80.0,72.45
2026-02-25 06:00:00,7.57,80.0,72.43
2026-02-25 07:00:00,7.59,80.0,72.41
2026-02-25 08:00:00,7.6,80.0,72.4
2026-02-25 09:00:00,7.61,80.0,72.39
2026-02-25 10:00:00,7.61,80.0,72.39
2026-02-25 11:00:00,7.6,80.0,72.4
2026-02-25 12:00:00,7.61,80.0,72.39
2026-02-25 13:00:00,7.62,80.0,72.38
2026-02-25 14:00:00,7.62,80.0,72.38
2026-02-25 15:00:00,7.63,80.0,72.37
2026-02-25 16:00:00,7.64,80.0,72.36
2026-02-25 17:00:00,7.65,80.0,72.35
2026-02-25 18:00:00,7.67,80.0,72.33
2026-02-25 19:00:00,7.68,80.0,72.32
2026-02-25 20:00:00,7.7,80.0,72.3
2026-02-25 21:00:00,7.71,80.0,72.29
2026-02-25 22:00:00,7.72,80.0,72.28
2026-02-25 23:00:00,7.74,80.0,72.26
2026-02-26 00:00:00,7.74,80.0,72.26
2026-02-26 01:00:00,7.75,80.0,72.25
2026-02-26 02:00:00,7.76,80.0,72.24
2026-02-26 03:00:00,7.77,80.0,72.23
2026-02-26 04:00:00,7.78,80.0,72.22
2026-02-26 05:00:00,7.8,80.0,72.2
2026-02-26 06:00:00,7.81,80.0,72.19
2026-02-26 07:00:00,7.82,80.0,72.18
2026-02-26 08:00:00,7.84,80.0,72.16
2026-02-26 09:00:00,7.85,80.0,72.15
2026-02-26 10:00:00,7.87,80.0,72.13
2026-02-26 12:00:00,7.89,80.0,72.11
2026-02-26 13:00:00,7.89,80.0,72.11
2026-02-26 14:00:00,7.9,80.0,72.1
2026-02-26 15:00:00,7.9,80.0,72.1
2026-02-26 16:00:00,7.91,80.0,72.09
2026-02-26 17:00:00,7.92,80.0,72.08
2026-02-26 18:00:00,7.94,80.0,72.06
2026-02-26 19:00:00,7.97,80.0,72.03
2026-02-26 20:00:00,7.98,80.0,72.02
2026-02-26 21:00:00,7.99,80.0,72.01
2026-02-26 22:00:00,8.0,80.0,72.0
2026-02-26 23:00:00,8.02,80.0,71.98
2026-02-27 00:00:00,8.03,80.0,71.97
2026-02-27 01:00:00,7.84,80.0,72.16
2026-02-27 02:00:00,6.8,80.0,73.2
2026-02-27 03:00:00,6.64,80.0,73.36
2026-02-27 04:00:00,6.55,80.0,73.45
2026-02-27 05:00:00,6.45,80.0,73.55
2026-02-27 06:00:00,6.4,80.0,73.6
2026-02-27 07:00:00,6.37,80.0,73.63
2026-02-27 08:00:00,6.32,80.0,73.68
2026-02-27 12:00:00,5.33,80.0,74.67
2026-02-27 13:00:00,5.28,80.0,74.72
2026-02-27 14:00:00,5.23,80.0,74.77
2026-02-27 15:00:00,5.16,80.0,74.84
2026-02-27 16:00:00,5.13,80.0,74.87
2026-02-27 17:00:00,5.11,80.0,74.89
2026-02-27 18:00:00,5.1,80.0,74.9
2026-02-27 19:00:00,5.1,80.0,74.9
2026-02-27 20:00:00,5.11,80.0,74.89
2026-02-27 21:00:00,5.13,80.0,74.87
2026-02-27 22:00:00,5.14,80.0,74.86
2026-02-27 23:00:00,5.15,80.0,74.85
2026-02-28 00:00:00,5.17,80.0,74.83
2026-02-28 01:00:00,5.17,80.0,74.83
2026-02-28 02:00:00,5.19,80.0,74.81
2026-02-28 03:00:00,5.21,80.0,74.79
2026-02-28 04:00:00,5.23,80.0,74.77
2026-02-28 05:00:00,5.27,80.0,74.73
2026-02-28 06:00:00,5.3,80.0,74.7
2026-02-28 07:00:00,5.33,80.0,74.67
2026-02-28 08:00:00,5.38,80.0,74.62
2026-02-28 09:00:00,5.41,80.0,74.59
2026-02-28 10:00:00,5.45,80.0,74.55
2026-02-28 11:00:00,5.48,80.0,74.52
2026-02-28 12:00:00,5.52,80.0,74.48
2026-02-28 13:00:00,5.55,80.0,74.45
2026-02-28 14:00:00,5.58,80.0,74.42
2026-02-28 15:00:00,5.62,80.0,74.38
2026-02-28 16:00:00,5.64,80.0,74.36
2026-02-28 17:00:00,5.67,80.0,74.33
2026-02-28 19:00:00,5.81,80.0,74.19
2026-02-28 21:00:00,5.9,80.0,74.1
2026-02-28 23:00:00,5.96,80.0,74.04
2026-03-01 06:00:00,6.2,80.0,73.8
2026-03-01 10:00:00,6.39,80.0,73.61
2026-03-01 11:00:00,6.42,80.0,73.58
2026-03-01 12:00:00,6.45,80.0,73.55
2026-03-01 13:00:00,6.48,80.0,73.52
2026-03-01 14:00:00,6.5,80.0,73.5
2026-03-01 15:00:00,6.56,80.0,73.44
2026-03-01 23:00:00,6.83,80.0,73.17
2026-03-02 08:00:00,7.06,80.0,72.94
2026-03-02 09:00:00,7.08,80.0,72.92
2026-03-02 10:00:00,7.11,80.0,72.89
2026-03-02 11:00:00,7.14,80.0,72.86
2026-03-02 12:00:00,7.16,80.0,72.84
2026-03-02 13:00:00,7.18,80.0,72.82
2026-03-02 14:00:00,7.19,80.0,72.81
2026-03-02 15:00:00,7.21,80.0,72.79
2026-03-02 16:00:00,7.23,80.0,72.77
2026-03-02 17:00:00,7.24,80.0,72.76
2026-03-02 18:00:00,7.27,80.0,72.73
2026-03-02 19:00:00,7.29,80.0,72.71
2026-03-02 20:00:00,7.32,80.0,72.68
2026-03-02 21:00:00,7.35,80.0,72.65
2026-03-02 22:00:00,7.37,80.0,72.63
2026-03-02 23:00:00,7.39,80.0,72.61
2026-03-03 02:00:00,7.44,80.0,72.56
2026-03-03 03:00:00,7.46,80.0,72.54
2026-03-03 04:00:00,7.47,80.0,72.53
2026-03-03 05:00:00,7.48,80.0,72.52
2026-03-03 07:00:00,7.31,80.0,72.69
2026-03-03 08:00:00,6.63,80.0,73.37
2026-03-03 09:00:00,6.61,80.0,73.39
2026-03-03 10:00:00,6.5,80.0,73.5
2026-03-03 11:00:00,6.49,80.0,73.51
2026-03-03 12:00:00,6.46,80.0,73.54
2026-03-03 13:00:00,6.44,80.0,73.56
2026-03-03 15:00:00,6.4,80.0,73.6
2026-03-03 17:00:00,6.38,80.0,73.62
2026-03-03 21:00:00,6.44,80.0,73.56
2026-03-03 22:00:00,6.45,80.0,73.55
2026-03-03 23:00:00,6.47,80.0,73.53
2026-03-04 01:00:00,6.51,80.0,73.49
2026-03-04 02:00:00,6.39,80.0,73.61
2026-03-04 04:00:00,5.59,80.0,74.41
2026-03-04 05:00:00,5.44,80.0,74.56
2026-03-04 06:00:00,5.41,80.0,74.59
2026-03-04 07:00:00,5.36,80.0,74.64
2026-03-04 08:00:00,5.33,80.0,74.67
2026-03-04 09:00:00,5.3,80.0,74.7
2026-03-04 10:00:00,5.27,80.0,74.73
2026-03-04 11:00:00,5.26,80.0,74.74
2026-03-04 13:00:00,5.23,80.0,74.77
2026-03-04 14:00:00,5.22,80.0,74.78
2026-03-04 15:00:00,5.22,80.0,74.78
2026-03-04 16:00:00,5.23,80.0,74.77
2026-03-04 17:00:00,5.23,80.0,74.77
2026-03-04 18:00:00,5.25,80.0,74.75
2026-03-04 19:00:00,5.27,80.0,74.73
2026-03-04 21:00:00,5.32,80.0,74.68
2026-03-04 22:00:00,5.36,80.0,74.64
2026-03-04 23:00:00,5.37,80.0,74.63
2026-03-05 00:00:00,5.39,80.0,74.61
2026-03-05 01:00:00,5.41,80.0,74.59
2026-03-05 02:00:00,5.44,80.0,74.56
2026-03-05 03:00:00,5.46,80.0,74.54
2026-03-05 04:00:00,5.51,80.0,74.49
2026-03-05 05:00:00,5.47,80.0,74.53
2026-03-05 06:00:00,5.44,80.0,74.56
2026-03-05 07:00:00,5.44,80.0,74.56
2026-03-05 08:00:00,5.2,80.0,74.8
2026-03-05 09:00:00,4.51,80.0,75.49
2026-03-05 10:00:00,4.18,80.0,75.82
2026-03-05 11:00:00,3.85,80.0,76.15
2026-03-05 12:00:00,3.54,80.0,76.46
2026-03-05 13:00:00,3.46,80.0,76.54
2026-03-05 14:00:00,3.4,80.0,76.6
2026-03-05 15:00:00,3.28,80.0,76.72
2026-03-05 16:00:00,3.19,80.0,76.81
2026-03-05 17:00:00,3.15,80.0,76.85
2026-03-05 18:00:00,3.13,80.0,76.87
2026-03-05 19:00:00,3.13,80.0,76.87
2026-03-05 20:00:00,3.12,80.0,76.88
2026-03-05 21:00:00,2.83,80.0,77.17
2026-03-05 22:00:00,2.67,80.0,77.33
2026-03-05 23:00:00,2.67,80.0,77.33
2026-03-06 00:00:00,2.7,80.0,77.3
2026-03-06 01:00:00,2.64,80.0,77.36
2026-03-06 02:00:00,2.52,80.0,77.48
2026-03-06 03:00:00,2.43,80.0,77.57
2026-03-06 04:00:00,2.27,80.0,77.73
2026-03-06 05:00:00,2.21,80.0,77.79
2026-03-06 06:00:00,2.1,80.0,77.9
2026-03-06 07:00:00,2.11,80.0,77.89
2026-03-06 08:00:00,1.94,80.0,78.06
2026-03-06 09:00:00,1.86,80.0,78.14
2026-03-06 10:00:00,1.9,80.0,78.1
2026-03-06 11:00:00,1.96,80.0,78.04
2026-03-06 12:00:00,2.01,80.0,77.99
2026-03-06 13:00:00,2.05,80.0,77.95
2026-03-06 14:00:00,2.08,80.0,77.92
2026-03-06 15:00:00,2.12,80.0,77.88
2026-03-06 16:00:00,2.16,80.0,77.84
2026-03-06 17:00:00,2.19,80.0,77.81
2026-03-06 18:00:00,2.21,80.0,77.79
2026-03-06 19:00:00,2.24,80.0,77.76
2026-03-06 20:00:00,2.27,80.0,77.73
2026-03-06 21:00:00,2.29,80.0,77.71
2026-03-06 22:00:00,2.31,80.0,77.69
2026-03-06 23:00:00,2.33,80.0,77.67
2026-03-07 00:00:00,2.34,80.0,77.66
2026-03-07 01:00:00,2.35,80.0,77.65
2026-03-07 02:00:00,2.36,80.0,77.64
2026-03-07 03:00:00,2.37,80.0,77.63
2026-03-07 04:00:00,2.39,80.0,77.61
2026-03-07 05:00:00,2.4,80.0,77.6
2026-03-07 06:00:00,2.42,80.0,77.58
2026-03-07 07:00:00,2.44,80.0,77.56
2026-03-07 08:00:00,2.46,80.0,77.54
2026-03-07 09:00:00,2.47,80.0,77.53
2026-03-07 10:00:00,2.49,80.0,77.51
2026-03-07 11:00:00,2.5,80.0,77.5
2026-03-07 12:00:00,2.52,80.0,77.48
2026-03-07 13:00:00,2.54,80.0,77.46
2026-03-07 14:00:00,2.55,80.0,77.45
2026-03-07 15:00:00,2.56,80.0,77.44
2026-03-07 16:00:00,2.58,80.0,77.42
2026-03-07 17:00:00,2.6,80.0,77.4
2026-03-07 18:00:00,2.62,80.0,77.38
2026-03-07 19:00:00,2.64,80.0,77.36
2026-03-07 20:00:00,2.66,80.0,77.34
2026-03-07 21:00:00,2.69,80.0,77.31
2026-03-07 22:00:00,2.71,80.0,77.29
2026-03-07 23:00:00,2.53,80.0,77.47
2026-03-08 00:00:00,2.22,80.0,77.78
2026-03-08 01:00:00,2.19,80.0,77.81
2026-03-08 02:00:00,2.25,80.0,77.75
2026-03-08 03:00:00,2.28,80.0,77.72
2026-03-08 04:00:00,2.3,80.0,77.7
2026-03-08 05:00:00,2.31,80.0,77.69
2026-03-08 06:00:00,2.33,80.0,77.67
2026-03-08 07:00:00,2.29,80.0,77.71
2026-03-08 08:00:00,2.28,80.0,77.72
2026-03-08 09:00:00,2.3,80.0,77.7
2026-03-08 10:00:00,2.31,80.0,77.69
2026-03-08 11:00:00,2.32,80.0,77.68
2026-03-08 12:00:00,2.34,80.0,77.66
2026-03-08 13:00:00,2.35,80.0,77.65
2026-03-08 14:00:00,2.37,80.0,77.63
2026-03-08 15:00:00,2.37,80.0,77.63
2026-03-08 16:00:00,2.39,80.0,77.61
2026-03-08 17:00:00,2.41,80.0,77.59
2026-03-08 18:00:00,2.43,80.0,77.57
2026-03-08 19:00:00,2.45,80.0,77.55
2026-03-08 20:00:00,2.46,80.0,77.54
2026-03-08 21:00:00,2.45,80.0,77.55
2026-03-08 22:00:00,2.44,80.0,77.56
2026-03-08 23:00:00,2.44,80.0,77.56
2026-03-09 00:00:00,2.45,80.0,77.55
2026-03-09 01:00:00,2.46,80.0,77.54
2026-03-09 02:00:00,2.47,80.0,77.53
2026-03-09 03:00:00,2.48,80.0,77.52
2026-03-09 04:00:00,2.49,80.0,77.51
2026-03-09 05:00:00,2.5,80.0,77.5
2026-03-09 06:00:00,2.51,80.0,77.49
2026-03-09 07:00:00,2.53,80.0,77.47
2026-03-09 08:00:00,2.54,80.0,77.46
2026-03-09 09:00:00,2.55,80.0,77.45
2026-03-09 10:00:00,2.56,80.0,77.44
2026-03-09 11:00:00,2.58,80.0,77.42
2026-03-09 12:00:00,2.59,80.0,77.41
2026-03-09 13:00:00,2.6,80.0,77.4
2026-03-09 14:00:00,2.61,80.0,77.39
2026-03-09 15:00:00,2.63,80.0,77.37
2026-03-09 16:00:00,2.64,80.0,77.36
2026-03-09 17:00:00,2.66,80.0,77.34
2026-03-09 18:00:00,2.69,80.0,77.31
2026-03-09 19:00:00,2.71,80.0,77.29
2026-03-09 20:00:00,2.74,80.0,77.26
2026-03-09 21:00:00,2.76,80.0,77.24
2026-03-09 22:00:00,2.79,80.0,77.21
2026-03-09 23:00:00,2.81,80.0,77.19
2026-03-10 00:00:00,2.83,80.0,77.17
2026-03-10 01:00:00,2.85,80.0,77.15
2026-03-10 02:00:00,2.88,80.0,77.12
2026-03-10 03:00:00,2.91,80.0,77.09
2026-03-10 04:00:00,2.93,80.0,77.07
2026-03-10 05:00:00,2.97,80.0,77.03
2026-03-10 06:00:00,3.01,80.0,76.99
2026-03-10 07:00:00,3.04,80.0,76.96
2026-03-10 08:00:00,3.09,80.0,76.91
2026-03-10 09:00:00,3.13,80.0,76.87
2026-03-10 10:00:00,3.18,80.0,76.82
2026-03-10 11:00:00,3.22,80.0,76.78
2026-03-10 12:00:00,3.27,80.0,76.73
2026-03-10 13:00:00,3.3,80.0,76.7
2026-03-10 14:00:00,3.35,80.0,76.65
2026-03-10 15:00:00,3.39,80.0,76.61
2026-03-10 16:00:00,3.44,80.0,76.56
2026-03-10 17:00:00,3.48,80.0,76.52
2026-03-10 18:00:00,3.54,80.0,76.46
2026-03-10 19:00:00,3.59,80.0,76.41
2026-03-10 20:00:00,3.64,80.0,76.36
2026-03-10 21:00:00,3.69,80.0,76.31
2026-03-10 22:00:00,3.75,80.0,76.25
2026-03-10 23:00:00,3.79,80.0,76.21
2026-03-11 00:00:00,3.83,80.0,76.17
2026-03-11 01:00:00,3.87,80.0,76.13
2026-03-11 02:00:00,3.92,80.0,76.08
2026-03-11 03:00:00,3.96,80.0,76.04
2026-03-11 04:00:00,4.0,80.0,76.0
2026-03-11 05:00:00,4.05,80.0,75.95
2026-03-11 06:00:00,4.09,80.0,75.91
2026-03-11 07:00:00,4.14,80.0,75.86
2026-03-11 08:00:00,4.19,80.0,75.81
2026-03-11 09:00:00,4.24,80.0,75.76
2026-03-11 10:00:00,4.28,80.0,75.72
2026-03-11 11:00:00,4.32,80.0,75.68
2026-03-11 12:00:00,4.36,80.0,75.64
2026-03-11 13:00:00,4.39,80.0,75.61
2026-03-11 14:00:00,4.43,80.0,75.57
2026-03-11 15:00:00,4.47,80.0,75.53
2026-03-11 16:00:00,4.51,80.0,75.49
2026-03-11 17:00:00,4.56,80.0,75.44
2026-03-11 18:00:00,4.61,80.0,75.39
2026-03-11 19:00:00,4.66,80.0,75.34
2026-03-11 20:00:00,4.71,80.0,75.29
2026-03-11 21:00:00,4.76,80.0,75.24
2026-03-11 22:00:00,4.8,80.0,75.2
2026-03-11 23:00:00,4.84,80.0,75.16
2026-03-12 00:00:00,4.88,80.0,75.12
2026-03-12 01:00:00,4.91,80.0,75.09
2026-03-12 02:00:00,4.93,80.0,75.07
2026-03-12 03:00:00,4.95,80.0,75.05
2026-03-12 04:00:00,4.99,80.0,75.01
2026-03-12 05:00:00,5.03,80.0,74.97
2026-03-12 06:00:00,5.08,80.0,74.92
2026-03-12 07:00:00,5.13,80.0,74.87
2026-03-12 08:00:00,5.17,80.0,74.83
2026-03-12 09:00:00,5.21,80.0,74.79
2026-03-12 10:00:00,5.25,80.0,74.75
2026-03-12 11:00:00,5.28,80.0,74.72
2026-03-12 12:00:00,5.29,80.0,74.71
2026-03-12 13:00:00,5.3,80.0,74.7
2026-03-12 14:00:00,5.33,80.0,74.67
2026-03-12 15:00:00,5.36,80.0,74.64
2026-03-12 16:00:00,5.39,80.0,74.61
2026-03-12 17:00:00,5.43,80.0,74.57
2026-03-12 18:00:00,5.47,80.0,74.53
2026-03-12 19:00:00,5.52,80.0,74.48
2026-03-12 20:00:00,5.56,80.0,74.44
2026-03-12 21:00:00,5.6,80.0,74.4
2026-03-12 22:00:00,5.63,80.0,74.37
2026-03-12 23:00:00,5.67,80.0,74.33
2026-03-13 00:00:00,5.7,80.0,74.3
2026-03-13 01:00:00,5.73,80.0,74.27
2026-03-13 02:00:00,5.76,80.0,74.24
2026-03-13 03:00:00,5.78,80.0,74.22
2026-03-13 04:00:00,5.81,80.0,74.19
2026-03-13 05:00:00,5.84,80.0,74.16
2026-03-13 06:00:00,5.87,80.0,74.13
2026-03-13 07:00:00,5.9,80.0,74.1
2026-03-13 08:00:00,5.93,80.0,74.07
2026-03-13 09:00:00,5.97,80.0,74.03
2026-03-13 10:00:00,5.99,80.0,74.01
2026-03-13 11:00:00,6.01,80.0,73.99
2026-03-13 12:00:00,6.03,80.0,73.97
2026-03-13 13:00:00,6.05,80.0,73.95
2026-03-13 14:00:00,6.07,80.0,73.93
2026-03-13 15:00:00,6.09,80.0,73.91
2026-03-13 16:00:00,6.12,80.0,73.88
2026-03-13 17:00:00,6.14,80.0,73.86
2026-03-13 18:00:00,6.17,80.0,73.83
2026-03-13 19:00:00,6.2,80.0,73.8
2026-03-13 20:00:00,6.24,80.0,73.76
2026-03-13 21:00:00,6.27,80.0,73.73
2026-03-13 22:00:00,6.29,80.0,73.71
2026-03-13 23:00:00,6.32,80.0,73.68
2026-03-14 00:00:00,6.34,80.0,73.66
2026-03-14 01:00:00,6.35,80.0,73.65
2026-03-14 02:00:00,6.37,80.0,73.63
2026-03-14 03:00:00,6.39,80.0,73.61
2026-03-14 04:00:00,6.41,80.0,73.59
2026-03-14 05:00:00,6.44,80.0,73.56
2026-03-14 06:00:00,6.46,80.0,73.54
2026-03-14 07:00:00,6.49,80.0,73.51
2026-03-14 08:00:00,6.52,80.0,73.48
2026-03-14 09:00:00,6.54,80.0,73.46
2026-03-14 10:00:00,6.56,80.0,73.44
2026-03-14 11:00:00,6.58,80.0,73.42
2026-03-14 12:00:00,6.6,80.0,73.4
2026-03-14 13:00:00,6.61,80.0,73.39
2026-03-14 14:00:00,6.63,80.0,73.37
2026-03-14 15:00:00,6.64,80.0,73.36
2026-03-14 16:00:00,6.66,80.0,73.34
2026-03-14 17:00:00,6.68,80.0,73.32
2026-03-14 18:00:00,6.71,80.0,73.29
2026-03-14 19:00:00,6.73,80.0,73.27
2026-03-14 20:00:00,6.76,80.0,73.24
2026-03-14 21:00:00,6.78,80.0,73.22
2026-03-14 22:00:00,6.8,80.0,73.2
2026-03-14 23:00:00,6.82,80.0,73.18
2026-03-15 00:00:00,6.84,80.0,73.16
2026-03-15 01:00:00,6.85,80.0,73.15
2026-03-15 02:00:00,6.87,80.0,73.13
2026-03-15 03:00:00,6.88,80.0,73.12
2026-03-15 04:00:00,6.9,80.0,73.1
2026-03-15 05:00:00,6.91,80.0,73.09
2026-03-15 06:00:00,6.94,80.0,73.06
2026-03-15 07:00:00,6.95,80.0,73.05
2026-03-15 08:00:00,6.97,80.0,73.03
2026-03-15 09:00:00,6.99,80.0,73.01
2026-03-15 10:00:00,7.01,80.0,72.99
2026-03-15 11:00:00,7.02,80.0,72.98
2026-03-15 12:00:00,7.03,80.0,72.97
2026-03-15 13:00:00,7.05,80.0,72.95
2026-03-15 14:00:00,7.06,80.0,72.94
2026-03-15 15:00:00,7.07,80.0,72.93
2026-03-15 16:00:00,7.08,80.0,72.92
2026-03-15 17:00:00,7.1,80.0,72.9
2026-03-15 18:00:00,7.12,80.0,72.88
2026-03-15 19:00:00,7.14,80.0,72.86
2026-03-15 20:00:00,7.16,80.0,72.84
2026-03-15 21:00:00,7.18,80.0,72.82
2026-03-15 22:00:00,7.2,80.0,72.8
2026-03-15 23:00:00,7.22,80.0,72.78
2026-03-16 00:00:00,7.23,80.0,72.77
2026-03-16 01:00:00,7.24,80.0,72.76
2026-03-16 02:00:00,7.25,80.0,72.75
2026-03-16 03:00:00,7.26,80.0,72.74
2026-03-16 04:00:00,7.27,80.0,72.73
2026-03-16 05:00:00,7.29,80.0,72.71
2026-03-16 06:00:00,7.3,80.0,72.7
2026-03-16 07:00:00,7.32,80.0,72.68
2026-03-16 08:00:00,7.34,80.0,72.66
2026-03-16 09:00:00,7.36,80.0,72.64
2026-03-16 10:00:00,7.37,80.0,72.63
2026-03-16 11:00:00,7.38,80.0,72.62
2026-03-16 12:00:00,7.39,80.0,72.61
2026-03-16 13:00:00,7.4,80.0,72.6
2026-03-16 14:00:00,7.41,80.0,72.59
2026-03-16 15:00:00,7.42,80.0,72.58
2026-03-16 16:00:00,7.42,80.0,72.58
2026-03-16 17:00:00,7.44,80.0,72.56
2026-03-16 18:00:00,7.45,80.0,72.55
2026-03-16 19:00:00,7.47,80.0,72.53
2026-03-16 20:00:00,7.49,80.0,72.51
2026-03-16 21:00:00,7.51,80.0,72.49
2026-03-16 22:00:00,7.53,80.0,72.47
2026-03-16 23:00:00,7.54,80.0,72.46
2026-03-17 00:00:00,7.56,80.0,72.44
2026-03-17 01:00:00,7.56,80.0,72.44
2026-03-17 02:00:00,7.57,80.0,72.43
2026-03-17 03:00:00,7.58,80.0,72.42
2026-03-17 04:00:00,7.58,80.0,72.42
2026-03-17 05:00:00,7.59,80.0,72.41
2026-03-17 06:00:00,7.61,80.0,72.39
2026-03-17 07:00:00,7.62,80.0,72.38
2026-03-17 08:00:00,7.63,80.0,72.37
2026-03-17 09:00:00,7.65,80.0,72.35
2026-03-17 10:00:00,7.66,80.0,72.34
2026-03-17 11:00:00,7.67,80.0,72.33
2026-03-17 12:00:00,7.68,80.0,72.32
2026-03-17 13:00:00,7.69,80.0,72.31
2026-03-17 14:00:00,7.69,80.0,72.31
2026-03-17 15:00:00,7.7,80.0,72.3
2026-03-17 16:00:00,7.7,80.0,72.3
2026-03-17 17:00:00,7.71,80.0,72.29
2026-03-17 18:00:00,7.72,80.0,72.28
2026-03-17 19:00:00,7.73,80.0,72.27
2026-03-17 20:00:00,7.75,80.0,72.25
2026-03-17 21:00:00,7.77,80.0,72.23
2026-03-17 22:00:00,7.79,80.0,72.21
2026-03-17 23:00:00,7.8,80.0,72.2
2026-03-18 00:00:00,7.81,80.0,72.19
2026-03-18 01:00:00,7.82,80.0,72.18
2026-03-18 02:00:00,7.82,80.0,72.18
2026-03-18 03:00:00,7.83,80.0,72.17
2026-03-18 04:00:00,7.83,80.0,72.17
2026-03-18 05:00:00,7.84,80.0,72.16
2026-03-18 06:00:00,7.85,80.0,72.15
2026-03-18 07:00:00,7.86,80.0,72.14
2026-03-18 08:00:00,7.88,80.0,72.12
2026-03-18 09:00:00,7.89,80.0,72.11
2026-03-18 10:00:00,7.9,80.0,72.1
2026-03-18 11:00:00,7.91,80.0,72.09
2026-03-18 12:00:00,7.92,80.0,72.08
2026-03-18 13:00:00,7.92,80.0,72.08
2026-03-18 14:00:00,7.92,80.0,72.08
2026-03-18 15:00:00,7.93,80.0,72.07
2026-03-18 16:00:00,7.94,80.0,72.06
2026-03-18 17:00:00,7.94,80.0,72.06
2026-03-18 18:00:00,7.96,80.0,72.04
2026-03-18 19:00:00,7.97,80.0,72.03
2026-03-18 20:00:00,7.98,80.0,72.02
2026-03-18 21:00:00,7.99,80.0,72.01
2026-03-18 22:00:00,8.01,80.0,71.99
2026-03-18 23:00:00,8.02,80.0,71.98
2026-03-19 00:00:00,8.03,80.0,71.97
2026-03-19 01:00:00,8.04,80.0,71.96000000000001
2026-03-19 02:00:00,8.04,80.0,71.96000000000001
2026-03-19 03:00:00,8.05,80.0,71.95
2026-03-19 04:00:00,8.05,80.0,71.95
2026-03-19 05:00:00,8.06,80.0,71.94
2026-03-19 06:00:00,8.07,80.0,71.93
2026-03-19 07:00:00,8.08,80.0,71.92
2026-03-19 08:00:00,8.09,80.0,71.91
2026-03-19 09:00:00,8.11,80.0,71.89
2026-03-19 10:00:00,8.12,80.0,71.88
2026-03-19 11:00:00,8.13,80.0,71.87
2026-03-19 12:00:00,8.14,80.0,71.86
2026-03-19 13:00:00,8.14,80.0,71.86
2026-03-19 14:00:00,8.14,80.0,71.86
2026-03-19 15:00:00,8.15,80.0,71.85
2026-03-19 16:00:00,8.15,80.0,71.85
2026-03-19 17:00:00,8.16,80.0,71.84
2026-03-19 18:00:00,8.16,80.0,71.84
2026-03-19 19:00:00,8.17,80.0,71.83
2026-03-19 20:00:00,8.19,80.0,71.81
2026-03-19 21:00:00,8.2,80.0,71.8
2026-03-19 22:00:00,8.21,80.0,71.78999999999999
2026-03-19 23:00:00,8.22,80.0,71.78
2026-03-20 00:00:00,8.24,80.0,71.76
2026-03-20 01:00:00,8.24,80.0,71.76
2026-03-20 02:00:00,8.24,80.0,71.76
2026-03-20 03:00:00,8.25,80.0,71.75
2026-03-20 04:00:00,8.25,80.0,71.75
2026-03-20 05:00:00,8.25,80.0,71.75
2026-03-20 06:00:00,8.26,80.0,71.74
2026-03-20 07:00:00,8.27,80.0,71.73
2026-03-20 08:00:00,8.29,80.0,71.71000000000001
2026-03-20 09:00:00,8.3,80.0,71.7
2026-03-20 10:00:00,8.31,80.0,71.69
2026-03-20 11:00:00,8.33,80.0,71.67
2026-03-20 12:00:00,8.33,80.0,71.67
2026-03-20 13:00:00,8.34,80.0,71.66
2026-03-20 14:00:00,8.34,80.0,71.66
2026-03-20 15:00:00,8.34,80.0,71.66
2026-03-20 16:00:00,8.35,80.0,71.65
2026-03-20 17:00:00,8.36,80.0,71.64
2026-03-20 18:00:00,8.37,80.0,71.63
2026-03-20 19:00:00,8.38,80.0,71.62
2026-03-20 20:00:00,8.4,80.0,71.6
2026-03-20 21:00:00,8.41,80.0,71.59
2026-03-20 22:00:00,8.42,80.0,71.58
2026-03-20 23:00:00,8.43,80.0,71.57
2026-03-21 00:00:00,8.44,80.0,71.56
2026-03-21 01:00:00,8.44,80.0,71.56
2026-03-21 02:00:00,8.45,80.0,71.55
2026-03-21 03:00:00,8.45,80.0,71.55
2026-03-21 04:00:00,8.45,80.0,71.55
2026-03-21 05:00:00,8.46,80.0,71.53999999999999
2026-03-21 06:00:00,8.46,80.0,71.53999999999999
2026-03-21 07:00:00,8.47,80.0,71.53
2026-03-21 08:00:00,8.48,80.0,71.52
2026-03-21 09:00:00,8.49,80.0,71.51
2026-03-21 10:00:00,8.5,80.0,71.5
2026-03-21 11:00:00,8.5,80.0,71.5
2026-03-21 12:00:00,8.51,80.0,71.49
2026-03-21 13:00:00,8.51,80.0,71.49
2026-03-21 14:00:00,8.52,80.0,71.48
2026-03-21 15:00:00,8.52,80.0,71.48
2026-03-21 16:00:00,8.53,80.0,71.47
2026-03-21 17:00:00,8.53,80.0,71.47
2026-03-21 18:00:00,8.54,80.0,71.46000000000001
2026-03-21 19:00:00,8.55,80.0,71.45
2026-03-21 20:00:00,8.56,80.0,71.44
2026-03-21 21:00:00,8.57,80.0,71.43
2026-03-21 22:00:00,8.58,80.0,71.42
2026-03-21 23:00:00,8.59,80.0,71.41
2026-03-22 00:00:00,8.6,80.0,71.4
2026-03-22 01:00:00,8.6,80.0,71.4
2026-03-22 02:00:00,8.61,80.0,71.39
2026-03-22 03:00:00,8.62,80.0,71.38
2026-03-22 04:00:00,8.62,80.0,71.38
2026-03-22 05:00:00,8.63,80.0,71.37
2026-03-22 06:00:00,8.63,80.0,71.37
2026-03-22 07:00:00,8.64,80.0,71.36
2026-03-22 08:00:00,8.65,80.0,71.35
2026-03-22 09:00:00,8.66,80.0,71.34
2026-03-22 10:00:00,8.67,80.0,71.33
2026-03-22 11:00:00,8.67,80.0,71.33
2026-03-22 12:00:00,8.68,80.0,71.32
2026-03-22 13:00:00,8.68,80.0,71.32
2026-03-22 14:00:00,8.68,80.0,71.32
2026-03-22 15:00:00,8.69,80.0,71.31
2026-03-22 16:00:00,8.69,80.0,71.31
2026-03-22 17:00:00,8.7,80.0,71.3
2026-03-22 18:00:00,8.71,80.0,71.28999999999999
2026-03-22 19:00:00,8.71,80.0,71.28999999999999
2026-03-22 20:00:00,8.72,80.0,71.28
2026-03-22 21:00:00,8.73,80.0,71.27
2026-03-22 22:00:00,8.73,80.0,71.27
2026-03-22 23:00:00,8.74,80.0,71.26
2026-03-23 00:00:00,8.75,80.0,71.25
2026-03-23 01:00:00,8.75,80.0,71.25
2026-03-23 02:00:00,8.76,80.0,71.24
2026-03-23 03:00:00,8.76,80.0,71.24
2026-03-23 04:00:00,8.77,80.0,71.23
2026-03-23 05:00:00,8.77,80.0,71.23
2026-03-23 06:00:00,8.77,80.0,71.23
2026-03-23 07:00:00,8.78,80.0,71.22
2026-03-23 08:00:00,8.78,80.0,71.22
2026-03-23 09:00:00,8.78,80.0,71.22
2026-03-23 10:00:00,8.78,80.0,71.22
2026-03-23 11:00:00,8.79,80.0,71.21000000000001
2026-03-23 12:00:00,8.79,80.0,71.21000000000001
2026-03-23 13:00:00,8.8,80.0,71.2
2026-03-23 14:00:00,8.8,80.0,71.2
2026-03-23 15:00:00,8.79,80.0,71.21000000000001
2026-03-23 16:00:00,8.8,80.0,71.2
2026-03-23 17:00:00,8.8,80.0,71.2
2026-03-23 18:00:00,8.8,80.0,71.2
2026-03-23 19:00:00,8.81,80.0,71.19
2026-03-23 20:00:00,8.82,80.0,71.18
2026-03-23 21:00:00,8.83,80.0,71.17
2026-03-23 22:00:00,8.83,80.0,71.17
2026-03-23 23:00:00,8.84,80.0,71.16
2026-03-24 00:00:00,8.84,80.0,71.16
2026-03-24 01:00:00,8.85,80.0,71.15
2026-03-24 02:00:00,8.85,80.0,71.15
2026-03-24 03:00:00,8.85,80.0,71.15
2026-03-24 04:00:00,8.86,80.0,71.14
2026-03-24 05:00:00,8.86,80.0,71.14
2026-03-24 06:00:00,8.87,80.0,71.13
2026-03-24 07:00:00,8.88,80.0,71.12
2026-03-24 08:00:00,8.88,80.0,71.12
2026-03-24 09:00:00,8.89,80.0,71.11
2026-03-24 10:00:00,8.89,80.0,71.11
2026-03-24 11:00:00,8.89,80.0,71.11
2026-03-24 12:00:00,8.89,80.0,71.11
2026-03-24 13:00:00,8.89,80.0,71.11
2026-03-24 14:00:00,8.89,80.0,71.11
2026-03-24 15:00:00,8.88,80.0,71.12
2026-03-24 16:00:00,8.89,80.0,71.11
2026-03-24 17:00:00,8.89,80.0,71.11
2026-03-24 18:00:00,8.89,80.0,71.11
2026-03-24 19:00:00,8.9,80.0,71.1
2026-03-24 20:00:00,8.9,80.0,71.1
2026-03-24 21:00:00,8.91,80.0,71.09
2026-03-24 22:00:00,8.92,80.0,71.08
2026-03-24 23:00:00,8.92,80.0,71.08
2026-03-25 00:00:00,8.92,80.0,71.08
2026-03-25 01:00:00,8.92,80.0,71.08
2026-03-25 02:00:00,8.92,80.0,71.08
2026-03-25 03:00:00,8.93,80.0,71.07
2026-03-25 04:00:00,8.93,80.0,71.07
2026-03-25 05:00:00,8.93,80.0,71.07
2026-03-25 06:00:00,8.94,80.0,71.06
2026-03-25 07:00:00,8.95,80.0,71.05
2026-03-25 08:00:00,8.95,80.0,71.05
2026-03-25 09:00:00,8.96,80.0,71.03999999999999
2026-03-25 10:00:00,8.97,80.0,71.03
2026-03-25 11:00:00,8.97,80.0,71.03
2026-03-25 12:00:00,8.97,80.0,71.03
2026-03-25 13:00:00,8.97,80.0,71.03
2026-03-25 14:00:00,8.97,80.0,71.03
2026-03-25 15:00:00,8.97,80.0,71.03
2026-03-25 16:00:00,8.98,80.0,71.02
2026-03-25 17:00:00,8.98,80.0,71.02
2026-03-25 18:00:00,8.98,80.0,71.02
2026-03-25 19:00:00,8.99,80.0,71.01
2026-03-25 20:00:00,9.0,80.0,71.0
2026-03-25 21:00:00,9.01,80.0,70.99
2026-03-25 22:00:00,9.01,80.0,70.99
2026-03-25 23:00:00,9.02,80.0,70.98
2026-03-26 00:00:00,9.03,80.0,70.97
2026-03-26 01:00:00,9.02,80.0,70.98
2026-03-26 02:00:00,9.02,80.0,70.98
2026-03-26 03:00:00,9.03,80.0,70.97
2026-03-26 04:00:00,9.03,80.0,70.97
2026-03-26 05:00:00,9.04,80.0,70.96000000000001
2026-03-26 06:00:00,9.05,80.0,70.95
2026-03-26 07:00:00,9.06,80.0,70.94
2026-03-26 08:00:00,9.07,80.0,70.93
2026-03-26 09:00:00,9.07,80.0,70.93
2026-03-26 10:00:00,9.08,80.0,70.92
2026-03-26 11:00:00,9.08,80.0,70.92
2026-03-26 12:00:00,9.09,80.0,70.91
2026-03-26 13:00:00,9.09,80.0,70.91
2026-03-26 14:00:00,9.09,80.0,70.91
2026-03-26 15:00:00,9.09,80.0,70.91
2026-03-26 16:00:00,9.09,80.0,70.91
2026-03-26 17:00:00,9.1,80.0,70.9
2026-03-26 18:00:00,9.11,80.0,70.89
2026-03-26 19:00:00,9.12,80.0,70.88
2026-03-26 20:00:00,9.12,80.0,70.88
2026-03-26 21:00:00,9.13,80.0,70.87
2026-03-26 22:00:00,9.14,80.0,70.86
2026-03-26 23:00:00,9.14,80.0,70.86
2026-03-27 00:00:00,9.14,80.0,70.86
2026-03-27 01:00:00,9.15,80.0,70.85
2026-03-27 02:00:00,9.15,80.0,70.85
2026-03-27 03:00:00,9.15,80.0,70.85
2026-03-27 04:00:00,9.15,80.0,70.85
2026-03-27 05:00:00,9.16,80.0,70.84
2026-03-27 06:00:00,9.16,80.0,70.84
2026-03-27 07:00:00,9.17,80.0,70.83
2026-03-27 08:00:00,9.18,80.0,70.82
2026-03-27 09:00:00,9.19,80.0,70.81
2026-03-27 10:00:00,9.19,80.0,70.81
2026-03-27 11:00:00,9.2,80.0,70.8
2026-03-27 12:00:00,9.2,80.0,70.8
2026-03-27 13:00:00,9.2,80.0,70.8
2026-03-27 14:00:00,9.2,80.0,70.8
2026-03-27 15:00:00,9.2,80.0,70.8
2026-03-27 16:00:00,9.2,80.0,70.8
2026-03-27 17:00:00,9.21,80.0,70.78999999999999
2026-03-27 18:00:00,9.21,80.0,70.78999999999999
2026-03-27 19:00:00,9.22,80.0,70.78
2026-03-27 20:00:00,9.23,80.0,70.77
2026-03-27 21:00:00,9.24,80.0,70.76
2026-03-27 22:00:00,9.24,80.0,70.76
2026-03-27 23:00:00,9.24,80.0,70.76
2026-03-28 00:00:00,9.25,80.0,70.75
2026-03-28 01:00:00,9.25,80.0,70.75
2026-03-28 02:00:00,9.25,80.0,70.75
2026-03-28 03:00:00,9.25,80.0,70.75
2026-03-28 04:00:00,9.25,80.0,70.75
2026-03-28 05:00:00,9.26,80.0,70.74
2026-03-28 06:00:00,9.27,80.0,70.73
2026-03-28 07:00:00,9.28,80.0,70.72
2026-03-28 08:00:00,9.29,80.0,70.71000000000001
2026-03-28 09:00:00,9.3,80.0,70.7
2026-03-28 10:00:00,9.3,80.0,70.7
2026-03-28 11:00:00,9.3,80.0,70.7
2026-03-28 12:00:00,9.3,80.0,70.7
2026-03-28 13:00:00,9.3,80.0,70.7
2026-03-28 14:00:00,9.3,80.0,70.7
2026-03-28 15:00:00,9.3,80.0,70.7
2026-03-28 16:00:00,9.3,80.0,70.7
2026-03-28 17:00:00,9.31,80.0,70.69
2026-03-28 18:00:00,9.32,80.0,70.68
2026-03-28 19:00:00,9.33,80.0,70.67
2026-03-28 20:00:00,9.34,80.0,70.66
2026-03-28 21:00:00,9.34,80.0,70.66
2026-03-28 22:00:00,9.35,80.0,70.65
2026-03-28 23:00:00,9.35,80.0,70.65
2026-03-29 00:00:00,9.35,80.0,70.65
2026-03-29 01:00:00,9.35,80.0,70.65
2026-03-29 02:00:00,9.35,80.0,70.65
2026-03-29 03:00:00,9.35,80.0,70.65
2026-03-29 04:00:00,9.35,80.0,70.65
2026-03-29 05:00:00,9.36,80.0,70.64
2026-03-29 06:00:00,9.36,80.0,70.64
2026-03-29 07:00:00,9.37,80.0,70.63
2026-03-29 08:00:00,9.38,80.0,70.62
2026-03-29 09:00:00,9.39,80.0,70.61
2026-03-29 10:00:00,9.4,80.0,70.6
2026-03-29 11:00:00,9.4,80.0,70.6
2026-03-29 12:00:00,9.41,80.0,70.59
2026-03-29 13:00:00,9.41,80.0,70.59
2026-03-29 14:00:00,9.41,80.0,70.59
2026-03-29 15:00:00,9.41,80.0,70.59
2026-03-29 16:00:00,9.41,80.0,70.59
2026-03-29 17:00:00,9.42,80.0,70.58
2026-03-29 18:00:00,9.43,80.0,70.57
2026-03-29 19:00:00,9.44,80.0,70.56
2026-03-29 20:00:00,9.45,80.0,70.55
2026-03-29 21:00:00,9.46,80.0,70.53999999999999
2026-03-29 22:00:00,9.47,80.0,70.53
2026-03-29 23:00:00,9.47,80.0,70.53
2026-03-30 00:00:00,9.48,80.0,70.52
2026-03-30 01:00:00,9.48,80.0,70.52
2026-03-30 02:00:00,9.48,80.0,70.52
2026-03-30 03:00:00,9.48,80.0,70.52
2026-03-30 04:00:00,9.48,80.0,70.52
2026-03-30 05:00:00,9.48,80.0,70.52
2026-03-30 06:00:00,9.49,80.0,70.51
2026-03-30 07:00:00,9.5,80.0,70.5
2026-03-30 08:00:00,9.51,80.0,70.49
2026-03-30 09:00:00,9.51,80.0,70.49
2026-03-30 10:00:00,9.52,80.0,70.48
2026-03-30 11:00:00,9.52,80.0,70.48
2026-03-30 12:00:00,9.52,80.0,70.48
2026-03-30 13:00:00,9.52,80.0,70.48
2026-03-30 14:00:00,9.52,80.0,70.48
2026-03-30 15:00:00,9.52,80.0,70.48
2026-03-30 16:00:00,9.52,80.0,70.48
2026-03-30 17:00:00,9.52,80.0,70.48
2026-03-30 18:00:00,9.53,80.0,70.47
2026-03-30 19:00:00,9.54,80.0,70.46000000000001
2026-03-30 20:00:00,9.55,80.0,70.45
2026-03-30 21:00:00,9.56,80.0,70.44
2026-03-30 22:00:00,9.57,80.0,70.43
2026-03-30 23:00:00,9.57,80.0,70.43
2026-03-31 00:00:00,9.58,80.0,70.42
2026-03-31 01:00:00,9.58,80.0,70.42
2026-03-31 02:00:00,9.58,80.0,70.42
2026-03-31 03:00:00,9.57,80.0,70.43
2026-03-31 04:00:00,9.58,80.0,70.42
2026-03-31 05:00:00,9.58,80.0,70.42
2026-03-31 06:00:00,9.59,80.0,70.41
2026-03-31 07:00:00,9.6,80.0,70.4
2026-03-31 08:00:00,9.61,80.0,70.39
2026-03-31 09:00:00,9.61,80.0,70.39
2026-03-31 10:00:00,9.61,80.0,70.39
2026-03-31 11:00:00,9.62,80.0,70.38
2026-03-31 12:00:00,9.62,80.0,70.38
2026-03-31 13:00:00,9.61,80.0,70.39
2026-03-31 14:00:00,9.61,80.0,70.39
2026-03-31 15:00:00,9.61,80.0,70.39
2026-03-31 16:00:00,9.61,80.0,70.39
2026-03-31 17:00:00,9.62,80.0,70.38
2026-03-31 18:00:00,9.62,80.0,70.38
2026-03-31 19:00:00,9.63,80.0,70.37
2026-03-31 20:00:00,9.64,80.0,70.36
2026-03-31 21:00:00,9.65,80.0,70.35
2026-03-31 22:00:00,9.65,80.0,70.35
2026-03-31 23:00:00,9.66,80.0,70.34
2026-04-01 00:00:00,9.66,80.0,70.34
2026-04-01 01:00:00,9.66,80.0,70.34
2026-04-01 02:00:00,9.66,80.0,70.34
2026-04-01 03:00:00,9.66,80.0,70.34
2026-04-01 04:00:00,9.66,80.0,70.34
2026-04-01 05:00:00,9.66,80.0,70.34
2026-04-01 06:00:00,9.66,80.0,70.34
2026-04-01 07:00:00,9.67,80.0,70.33
2026-04-01 08:00:00,9.68,80.0,70.32
2026-04-01 09:00:00,9.69,80.0,70.31
2026-04-01 10:00:00,9.7,80.0,70.3
2026-04-01 11:00:00,9.66,80.0,70.34
2026-04-01 12:00:00,9.62,80.0,70.38
2026-04-01 13:00:00,9.62,80.0,70.38
2026-04-01 14:00:00,9.61,80.0,70.39
2026-04-01 15:00:00,9.59,80.0,70.41
2026-04-01 16:00:00,9.58,80.0,70.42
2026-04-01 17:00:00,9.57,80.0,70.43
2026-04-01 18:00:00,9.54,80.0,70.46000000000001
2026-04-01 19:00:00,9.51,80.0,70.49
2026-04-01 20:00:00,9.5,80.0,70.5
2026-04-01 21:00:00,9.49,80.0,70.51
2026-04-01 22:00:00,9.49,80.0,70.51
2026-04-01 23:00:00,9.49,80.0,70.51
2026-04-02 00:00:00,9.49,80.0,70.51
2026-04-02 01:00:00,9.49,80.0,70.51
2026-04-02 02:00:00,9.48,80.0,70.52
2026-04-02 03:00:00,9.48,80.0,70.52
2026-04-02 04:00:00,9.48,80.0,70.52
2026-04-02 05:00:00,9.48,80.0,70.52
2026-04-02 06:00:00,9.48,80.0,70.52
2026-04-02 07:00:00,9.49,80.0,70.51
2026-04-02 08:00:00,9.5,80.0,70.5
2026-04-02 09:00:00,9.51,80.0,70.49
2026-04-02 10:00:00,9.52,80.0,70.48
2026-04-02 11:00:00,9.52,80.0,70.48
2026-04-02 12:00:00,9.53,80.0,70.47
2026-04-02 13:00:00,9.53,80.0,70.47
2026-04-02 14:00:00,9.53,80.0,70.47
2026-04-02 15:00:00,9.53,80.0,70.47
2026-04-02 16:00:00,9.53,80.0,70.47
2026-04-02 17:00:00,9.54,80.0,70.46000000000001
2026-04-02 18:00:00,9.55,80.0,70.45
2026-04-02 19:00:00,9.56,80.0,70.44
2026-04-02 20:00:00,9.57,80.0,70.43
2026-04-02 21:00:00,9.57,80.0,70.43
2026-04-02 22:00:00,9.58,80.0,70.42
2026-04-02 23:00:00,9.58,80.0,70.42
2026-04-03 00:00:00,9.58,80.0,70.42
2026-04-03 01:00:00,9.58,80.0,70.42
2026-04-03 02:00:00,9.58,80.0,70.42
2026-04-03 03:00:00,9.58,80.0,70.42
2026-04-03 04:00:00,9.58,80.0,70.42
2026-04-03 05:00:00,9.58,80.0,70.42
2026-04-03 06:00:00,9.58,80.0,70.42
2026-04-03 07:00:00,9.59,80.0,70.41
2026-04-03 08:00:00,9.6,80.0,70.4
2026-04-03 09:00:00,9.61,80.0,70.39
2026-04-03 10:00:00,9.61,80.0,70.39
2026-04-03 11:00:00,9.62,80.0,70.38
2026-04-03 12:00:00,9.62,80.0,70.38
2026-04-03 13:00:00,9.62,80.0,70.38
2026-04-03 14:00:00,9.62,80.0,70.38
2026-04-03 15:00:00,9.62,80.0,70.38
2026-04-03 16:00:00,9.63,80.0,70.37
2026-04-03 17:00:00,9.63,80.0,70.37
2026-04-03 18:00:00,9.63,80.0,70.37
2026-04-03 19:00:00,9.64,80.0,70.36
2026-04-03 20:00:00,9.65,80.0,70.35
2026-04-03 21:00:00,9.63,80.0,70.37
2026-04-03 22:00:00,9.51,80.0,70.49
2026-04-03 23:00:00,9.46,80.0,70.53999999999999
2026-04-04 00:00:00,9.42,80.0,70.58
2026-04-04 01:00:00,9.38,80.0,70.62
2026-04-04 02:00:00,9.35,80.0,70.65
2026-04-04 03:00:00,9.33,80.0,70.67
2026-04-04 04:00:00,9.31,80.0,70.69
2026-04-04 05:00:00,9.3,80.0,70.7
2026-04-04 06:00:00,9.3,80.0,70.7
2026-04-04 07:00:00,9.3,80.0,70.7
2026-04-04 08:00:00,9.3,80.0,70.7
2026-04-04 09:00:00,9.31,80.0,70.69
2026-04-04 10:00:00,9.31,80.0,70.69
2026-04-04 11:00:00,9.32,80.0,70.68
2026-04-04 12:00:00,9.32,80.0,70.68
2026-04-04 13:00:00,9.32,80.0,70.68
2026-04-04 14:00:00,9.32,80.0,70.68
2026-04-04 15:00:00,9.33,80.0,70.67
2026-04-04 16:00:00,9.34,80.0,70.66
2026-04-04 17:00:00,9.34,80.0,70.66
2026-04-04 18:00:00,9.35,80.0,70.65
2026-04-04 19:00:00,9.36,80.0,70.64
2026-04-04 20:00:00,9.37,80.0,70.63
2026-04-04 21:00:00,9.38,80.0,70.62
2026-04-04 22:00:00,9.39,80.0,70.61
2026-04-04 23:00:00,9.4,80.0,70.6
2026-04-05 00:00:00,9.41,80.0,70.59
2026-04-05 01:00:00,9.42,80.0,70.58
2026-04-05 02:00:00,9.42,80.0,70.58
2026-04-05 03:00:00,9.42,80.0,70.58
2026-04-05 04:00:00,9.43,80.0,70.57
2026-04-05 05:00:00,9.43,80.0,70.57
2026-04-05 06:00:00,9.44,80.0,70.56
2026-04-05 07:00:00,9.45,80.0,70.55
2026-04-05 08:00:00,9.46,80.0,70.53999999999999
2026-04-05 09:00:00,9.47,80.0,70.53
2026-04-05 10:00:00,9.48,80.0,70.52
2026-04-05 11:00:00,9.49,80.0,70.51
2026-04-05 12:00:00,9.38,80.0,70.62
2026-04-05 13:00:00,8.76,80.0,71.24
2026-04-05 14:00:00,8.09,80.0,71.91
2026-04-05 15:00:00,7.6,80.0,72.4
2026-04-05 16:00:00,7.15,80.0,72.85
2026-04-05 17:00:00,7.05,80.0,72.95
2026-04-05 18:00:00,7.02,80.0,72.98
2026-04-05 19:00:00,7.01,80.0,72.99
2026-04-05 20:00:00,7.0,80.0,73.0
2026-04-05 21:00:00,6.99,80.0,73.01
2026-04-05 22:00:00,6.98,80.0,73.02
2026-04-05 23:00:00,6.98,80.0,73.02
2026-04-06 00:00:00,6.98,80.0,73.02
2026-04-06 01:00:00,6.98,80.0,73.02
2026-04-06 02:00:00,6.98,80.0,73.02
2026-04-06 03:00:00,6.99,80.0,73.01
2026-04-06 04:00:00,7.01,80.0,72.99
2026-04-06 05:00:00,7.03,80.0,72.97
2026-04-06 06:00:00,7.05,80.0,72.95
2026-04-06 07:00:00,7.06,80.0,72.94
2026-04-06 08:00:00,7.09,80.0,72.91
2026-04-06 09:00:00,7.12,80.0,72.88
2026-04-06 10:00:00,7.16,80.0,72.84
2026-04-06 11:00:00,7.21,80.0,72.79
2026-04-06 12:00:00,7.24,80.0,72.76
2026-04-06 13:00:00,7.27,80.0,72.73
2026-04-06 14:00:00,7.3,80.0,72.7
2026-04-06 15:00:00,7.33,80.0,72.67
2026-04-06 16:00:00,7.36,80.0,72.64
2026-04-06 17:00:00,7.39,80.0,72.61
2026-04-06 18:00:00,7.43,80.0,72.57
2026-04-06 19:00:00,7.46,80.0,72.54
2026-04-06 20:00:00,7.49,80.0,72.51
2026-04-06 21:00:00,7.53,80.0,72.47
2026-04-06 22:00:00,7.57,80.0,72.43
2026-04-06 23:00:00,7.61,80.0,72.39
2026-04-07 00:00:00,7.64,80.0,72.36
2026-04-07 01:00:00,7.67,80.0,72.33
2026-04-07 02:00:00,7.69,80.0,72.31
2026-04-07 03:00:00,7.7,80.0,72.3
2026-04-07 04:00:00,7.72,80.0,72.28
2026-04-07 05:00:00,7.76,80.0,72.24
2026-04-07 06:00:00,7.79,80.0,72.21
2026-04-07 07:00:00,7.8,80.0,72.2
2026-04-07 08:00:00,7.83,80.0,72.17
2026-04-07 09:00:00,7.86,80.0,72.14
2026-04-07 10:00:00,7.89,80.0,72.11
2026-04-07 11:00:00,7.92,80.0,72.08
2026-04-07 12:00:00,7.95,80.0,72.05
2026-04-07 13:00:00,7.98,80.0,72.02
2026-04-07 14:00:00,8.0,80.0,72.0
2026-04-07 15:00:00,8.03,80.0,71.97
2026-04-07 16:00:00,8.05,80.0,71.95
2026-04-07 17:00:00,8.07,80.0,71.93
2026-04-07 18:00:00,8.09,80.0,71.91
2026-04-07 19:00:00,8.12,80.0,71.88
2026-04-07 20:00:00,8.15,80.0,71.85
2026-04-07 21:00:00,8.18,80.0,71.82
2026-04-07 22:00:00,8.2,80.0,71.8
2026-04-07 23:00:00,8.23,80.0,71.77
2026-04-08 00:00:00,8.25,80.0,71.75
2026-04-08 01:00:00,8.26,80.0,71.74
2026-04-08 02:00:00,8.28,80.0,71.72
2026-04-08 03:00:00,8.3,80.0,71.7
2026-04-08 04:00:00,8.31,80.0,71.69
2026-04-08 05:00:00,8.33,80.0,71.67
2026-04-08 06:00:00,8.35,80.0,71.65
2026-04-08 07:00:00,8.37,80.0,71.63
2026-04-08 08:00:00,8.4,80.0,71.6
2026-04-08 09:00:00,8.42,80.0,71.58
2026-04-08 10:00:00,8.44,80.0,71.56
2026-04-08 11:00:00,8.45,80.0,71.55
2026-04-08 12:00:00,8.46,80.0,71.53999999999999
2026-04-08 13:00:00,8.48,80.0,71.52
2026-04-08 14:00:00,8.49,80.0,71.51
2026-04-08 15:00:00,8.5,80.0,71.5
2026-04-08 16:00:00,8.52,80.0,71.48
2026-04-08 17:00:00,8.53,80.0,71.47
2026-04-08 18:00:00,8.55,80.0,71.45
2026-04-08 19:00:00,8.57,80.0,71.43
2026-04-08 20:00:00,8.59,80.0,71.41
2026-04-08 21:00:00,8.61,80.0,71.39
2026-04-08 22:00:00,8.62,80.0,71.38
2026-04-08 23:00:00,8.64,80.0,71.36
2026-04-09 00:00:00,8.66,80.0,71.34
2026-04-09 01:00:00,8.67,80.0,71.33
2026-04-09 02:00:00,8.68,80.0,71.32
2026-04-09 03:00:00,8.7,80.0,71.3
2026-04-09 04:00:00,8.71,80.0,71.28999999999999
2026-04-09 05:00:00,8.72,80.0,71.28
2026-04-09 06:00:00,8.73,80.0,71.27
2026-04-09 07:00:00,8.75,80.0,71.25
2026-04-09 08:00:00,8.77,80.0,71.23
2026-04-09 09:00:00,8.78,80.0,71.22
2026-04-09 10:00:00,8.8,80.0,71.2
2026-04-09 11:00:00,8.8,80.0,71.2
2026-04-09 12:00:00,8.82,80.0,71.18
2026-04-09 13:00:00,8.82,80.0,71.18
2026-04-09 14:00:00,8.84,80.0,71.16
2026-04-09 15:00:00,8.85,80.0,71.15
2026-04-09 16:00:00,8.86,80.0,71.14
2026-04-09 17:00:00,8.87,80.0,71.13
2026-04-09 18:00:00,8.88,80.0,71.12
2026-04-09 19:00:00,8.89,80.0,71.11
2026-04-09 20:00:00,8.9,80.0,71.1
2026-04-09 21:00:00,8.92,80.0,71.08
2026-04-09 22:00:00,8.93,80.0,71.07
2026-04-09 23:00:00,8.95,80.0,71.05
2026-04-10 00:00:00,8.96,80.0,71.03999999999999
2026-04-10 01:00:00,8.97,80.0,71.03
2026-04-10 02:00:00,8.97,80.0,71.03
2026-04-10 03:00:00,8.98,80.0,71.02
2026-04-10 04:00:00,8.98,80.0,71.02
2026-04-10 05:00:00,8.99,80.0,71.01
2026-04-10 06:00:00,9.01,80.0,70.99
2026-04-10 07:00:00,9.02,80.0,70.98
2026-04-10 08:00:00,9.04,80.0,70.96000000000001
2026-04-10 09:00:00,9.05,80.0,70.95
2026-04-10 10:00:00,9.06,80.0,70.94
2026-04-10 11:00:00,9.07,80.0,70.93
2026-04-10 12:00:00,9.07,80.0,70.93
2026-04-10 13:00:00,9.08,80.0,70.92
2026-04-10 14:00:00,9.09,80.0,70.91
2026-04-10 15:00:00,9.09,80.0,70.91
2026-04-10 16:00:00,9.1,80.0,70.9
2026-04-10 17:00:00,9.11,80.0,70.89
2026-04-10 18:00:00,9.12,80.0,70.88
2026-04-10 19:00:00,9.14,80.0,70.86
2026-04-10 20:00:00,9.15,80.0,70.85
2026-04-10 21:00:00,9.16,80.0,70.84
2026-04-10 22:00:00,9.16,80.0,70.84
2026-04-10 23:00:00,9.17,80.0,70.83
2026-04-11 00:00:00,9.17,80.0,70.83
2026-04-11 01:00:00,9.18,80.0,70.82
2026-04-11 02:00:00,9.18,80.0,70.82
2026-04-11 03:00:00,9.18,80.0,70.82
2026-04-11 04:00:00,9.19,80.0,70.81
2026-04-11 05:00:00,9.2,80.0,70.8
2026-04-11 06:00:00,9.21,80.0,70.78999999999999
2026-04-11 07:00:00,9.23,80.0,70.77
2026-04-11 08:00:00,9.24,80.0,70.76
2026-04-11 09:00:00,9.25,80.0,70.75
2026-04-11 10:00:00,9.25,80.0,70.75
2026-04-11 11:00:00,9.25,80.0,70.75
2026-04-11 12:00:00,9.26,80.0,70.74
2026-04-11 13:00:00,8.18,80.0,71.82
2026-04-11 14:00:00,6.7,80.0,73.3
2026-04-11 15:00:00,5.42,80.0,74.58
2026-04-11 16:00:00,4.71,80.0,75.29
2026-04-11 17:00:00,4.39,80.0,75.61
2026-04-11 18:00:00,4.17,80.0,75.83
2026-04-11 19:00:00,4.03,80.0,75.97
2026-04-11 20:00:00,3.93,80.0,76.07
2026-04-11 21:00:00,3.85,80.0,76.15
2026-04-11 22:00:00,3.79,80.0,76.21
2026-04-11 23:00:00,3.75,80.0,76.25
2026-04-12 00:00:00,3.73,80.0,76.27
2026-04-12 01:00:00,3.71,80.0,76.29
2026-04-12 02:00:00,3.71,80.0,76.29
2026-04-12 03:00:00,3.71,80.0,76.29
2026-04-12 04:00:00,3.74,80.0,76.26
2026-04-12 05:00:00,3.77,80.0,76.23
2026-04-12 06:00:00,3.81,80.0,76.19
2026-04-12 07:00:00,3.87,80.0,76.13
2026-04-12 08:00:00,3.94,80.0,76.06
2026-04-12 09:00:00,4.0,80.0,76.0
2026-04-12 10:00:00,4.06,80.0,75.94
2026-04-12 11:00:00,4.12,80.0,75.88
2026-04-12 12:00:00,4.17,80.0,75.83
2026-04-12 13:00:00,4.23,80.0,75.77
2026-04-12 14:00:00,4.3,80.0,75.7
2026-04-12 15:00:00,4.37,80.0,75.63
2026-04-12 16:00:00,4.44,80.0,75.56
2026-04-12 17:00:00,4.53,80.0,75.47
2026-04-12 18:00:00,4.62,80.0,75.38
2026-04-12 19:00:00,4.71,80.0,75.29
2026-04-12 20:00:00,4.82,80.0,75.18
2026-04-12 21:00:00,4.9,80.0,75.1
2026-04-12 22:00:00,4.99,80.0,75.01
2026-04-12 23:00:00,5.07,80.0,74.93
2026-04-13 00:00:00,5.15,80.0,74.85
2026-04-13 01:00:00,5.21,80.0,74.79
2026-04-13 02:00:00,5.28,80.0,74.72
2026-04-13 03:00:00,5.36,80.0,74.64
2026-04-13 04:00:00,5.44,80.0,74.56
2026-04-13 05:00:00,5.52,80.0,74.48
2026-04-13 06:00:00,5.6,80.0,74.4
2026-04-13 07:00:00,5.68,80.0,74.32
2026-04-13 08:00:00,5.75,80.0,74.25
2026-04-13 09:00:00,5.82,80.0,74.18
2026-04-13 10:00:00,5.89,80.0,74.11
2026-04-13 11:00:00,5.94,80.0,74.06
2026-04-13 12:00:00,5.99,80.0,74.01
2026-04-13 13:00:00,6.04,80.0,73.96
2026-04-13 14:00:00,6.08,80.0,73.92
2026-04-13 15:00:00,6.13,80.0,73.87
2026-04-13 16:00:00,6.19,80.0,73.81
2026-04-13 17:00:00,6.25,80.0,73.75
2026-04-13 18:00:00,6.18,80.0,73.82
2026-04-13 19:00:00,5.9,80.0,74.1
2026-04-13 20:00:00,5.75,80.0,74.25
2026-04-13 21:00:00,5.63,80.0,74.37
2026-04-13 22:00:00,5.55,80.0,74.45
2026-04-13 23:00:00,5.5,80.0,74.5
